series_code,module_code,module_name,stage_no,lesson_count,total_hours,module_keywords
academic_planning_advanced,academic_planning_advanced_m1,保研考研路径拆解,1,8,16,"[""升学与学业规划"", ""成长规划"", ""能力提升""]"
academic_planning_advanced,academic_planning_advanced_m2,院校选择与长期准备,2,10,20,"[""升学与学业规划"", ""成长规划"", ""能力提升""]"
academic_planning_advanced,academic_planning_advanced_m3,材料规划与关键节点管理,3,8,16,"[""升学与学业规划"", ""成长规划"", ""能力提升""]"
academic_planning_foundation,academic_planning_foundation_m1,学业现状诊断与目标梳理,1,6,12,"[""升学与学业规划"", ""成长规划"", ""能力提升""]"
academic_planning_foundation,academic_planning_foundation_m2,成绩、竞赛、项目路径认知,2,8,16,"[""升学与学业规划"", ""成长规划"", ""能力提升""]"
academic_planning_foundation,academic_planning_foundation_m3,阶段任务分解与跟进,3,6,12,"[""升学与学业规划"", ""成长规划"", ""能力提升""]"
academic_planning_practice,academic_planning_practice_m1,升学方向选择与资源匹配,1,8,16,"[""升学与学业规划"", ""成长规划"", ""能力提升""]"
academic_planning_practice,academic_planning_practice_m2,院校专业调研方法,2,8,16,"[""升学与学业规划"", ""成长规划"", ""能力提升""]"
academic_planning_practice,academic_planning_practice_m3,阶段执行与复盘机制,3,8,16,"[""升学与学业规划"", ""成长规划"", ""能力提升""]"
accounting_certificate_advanced,accounting_certificate_advanced_m1,冲刺串讲与考点压缩,1,8,16,"[""会计与财税证书"", ""考证通关"", ""模考复盘""]"
accounting_certificate_advanced,accounting_certificate_advanced_m2,模考训练与时间分配,2,10,20,"[""会计与财税证书"", ""考证通关"", ""模考复盘""]"
accounting_certificate_advanced,accounting_certificate_advanced_m3,考前答疑与重点回看,3,8,16,"[""会计与财税证书"", ""考证通关"", ""模考复盘""]"
accounting_certificate_foundation,accounting_certificate_foundation_m1,会计基础与科目认知,1,8,16,"[""会计与财税证书"", ""考证通关"", ""模考复盘""]"
accounting_certificate_foundation,accounting_certificate_foundation_m2,经济法基础与高频考点,2,10,20,"[""会计与财税证书"", ""考证通关"", ""模考复盘""]"
accounting_certificate_foundation,accounting_certificate_foundation_m3,真题入门与错题整理,3,8,16,"[""会计与财税证书"", ""考证通关"", ""模考复盘""]"
accounting_certificate_practice,accounting_certificate_practice_m1,中级实务重点章节突破,1,8,16,"[""会计与财税证书"", ""考证通关"", ""模考复盘""]"
accounting_certificate_practice,accounting_certificate_practice_m2,财务管理题型训练,2,10,20,"[""会计与财税证书"", ""考证通关"", ""模考复盘""]"
accounting_certificate_practice,accounting_certificate_practice_m3,综合题讲评与复盘,3,8,16,"[""会计与财税证书"", ""考证通关"", ""模考复盘""]"
algebra_foundations_advanced,algebra_foundations_advanced_m1,群环域初步,1,8,16,"[""代数学基础"", ""解题训练"", ""能力提升""]"
algebra_foundations_advanced,algebra_foundations_advanced_m2,代数证明与结构理解,2,10,20,"[""代数学基础"", ""解题训练"", ""能力提升""]"
algebra_foundations_advanced,algebra_foundations_advanced_m3,综合训练与提升,3,10,20,"[""代数学基础"", ""解题训练"", ""能力提升""]"
algebra_foundations_foundation,algebra_foundations_foundation_m1,代数式与方程基础,1,6,12,"[""代数学基础"", ""解题训练"", ""能力提升""]"
algebra_foundations_foundation,algebra_foundations_foundation_m2,函数与数列代数表达,2,8,16,"[""代数学基础"", ""解题训练"", ""能力提升""]"
algebra_foundations_foundation,algebra_foundations_foundation_m3,基础训练与错题整理,3,8,16,"[""代数学基础"", ""解题训练"", ""能力提升""]"
algebra_foundations_practice,algebra_foundations_practice_m1,矩阵与向量空间,1,8,16,"[""代数学基础"", ""解题训练"", ""能力提升""]"
algebra_foundations_practice,algebra_foundations_practice_m2,线性方程组与变换,2,8,16,"[""代数学基础"", ""解题训练"", ""能力提升""]"
algebra_foundations_practice,algebra_foundations_practice_m3,典型题型拆解,3,10,20,"[""代数学基础"", ""解题训练"", ""能力提升""]"
analysis_foundations_advanced,analysis_foundations_advanced_m1,分析证明方法训练,1,8,16,"[""分析学基础"", ""解题训练"", ""能力提升""]"
analysis_foundations_advanced,analysis_foundations_advanced_m2,级数与收敛专题,2,10,20,"[""分析学基础"", ""解题训练"", ""能力提升""]"
analysis_foundations_advanced,analysis_foundations_advanced_m3,综合测评与拔高训练,3,10,20,"[""分析学基础"", ""解题训练"", ""能力提升""]"
analysis_foundations_foundation,analysis_foundations_foundation_m1,函数概念与图像理解,1,6,12,"[""分析学基础"", ""解题训练"", ""能力提升""]"
analysis_foundations_foundation,analysis_foundations_foundation_m2,极限与连续基础梳理,2,8,16,"[""分析学基础"", ""解题训练"", ""能力提升""]"
analysis_foundations_foundation,analysis_foundations_foundation_m3,基础题型训练与纠错,3,8,16,"[""分析学基础"", ""解题训练"", ""能力提升""]"
analysis_foundations_practice,analysis_foundations_practice_m1,极限计算方法归纳,1,8,16,"[""分析学基础"", ""解题训练"", ""能力提升""]"
analysis_foundations_practice,analysis_foundations_practice_m2,连续性与中值定理,2,8,16,"[""分析学基础"", ""解题训练"", ""能力提升""]"
analysis_foundations_practice,analysis_foundations_practice_m3,综合题型拆解与复盘,3,10,20,"[""分析学基础"", ""解题训练"", ""能力提升""]"
backend_development_advanced,backend_development_advanced_m1,高并发与稳定性治理,1,8,16,"[""后端开发"", ""项目实践"", ""工程能力""]"
backend_development_advanced,backend_development_advanced_m2,可观测性与故障排查,2,10,20,"[""后端开发"", ""项目实践"", ""工程能力""]"
backend_development_advanced,backend_development_advanced_m3,系统设计与项目复盘,3,12,24,"[""后端开发"", ""项目实践"", ""工程能力""]"
backend_development_foundation,backend_development_foundation_m1,后端语言与Web框架入门,1,8,16,"[""后端开发"", ""项目实践"", ""工程能力""]"
backend_development_foundation,backend_development_foundation_m2,数据库基础与接口设计,2,10,20,"[""后端开发"", ""项目实践"", ""工程能力""]"
backend_development_foundation,backend_development_foundation_m3,认证授权与日志处理,3,10,20,"[""后端开发"", ""项目实践"", ""工程能力""]"
backend_development_practice,backend_development_practice_m1,服务拆分与消息队列实践,1,8,16,"[""后端开发"", ""项目实践"", ""工程能力""]"
backend_development_practice,backend_development_practice_m2,缓存、搜索与任务调度,2,10,20,"[""后端开发"", ""项目实践"", ""工程能力""]"
backend_development_practice,backend_development_practice_m3,完整业务项目联调,3,12,24,"[""后端开发"", ""项目实践"", ""工程能力""]"
calculus_and_sequences_advanced,calculus_and_sequences_advanced_m1,多元微积分初步,1,8,16,"[""微积分与数列极限"", ""解题训练"", ""能力提升""]"
calculus_and_sequences_advanced,calculus_and_sequences_advanced_m2,微分方程与应用问题,2,10,20,"[""微积分与数列极限"", ""解题训练"", ""能力提升""]"
calculus_and_sequences_advanced,calculus_and_sequences_advanced_m3,综合测评与提升,3,10,20,"[""微积分与数列极限"", ""解题训练"", ""能力提升""]"
calculus_and_sequences_foundation,calculus_and_sequences_foundation_m1,函数、极限与导数入门,1,6,12,"[""微积分与数列极限"", ""解题训练"", ""能力提升""]"
calculus_and_sequences_foundation,calculus_and_sequences_foundation_m2,数列与递推基础,2,8,16,"[""微积分与数列极限"", ""解题训练"", ""能力提升""]"
calculus_and_sequences_foundation,calculus_and_sequences_foundation_m3,基本题型训练,3,8,16,"[""微积分与数列极限"", ""解题训练"", ""能力提升""]"
calculus_and_sequences_practice,calculus_and_sequences_practice_m1,积分与中值定理专题,1,8,16,"[""微积分与数列极限"", ""解题训练"", ""能力提升""]"
calculus_and_sequences_practice,calculus_and_sequences_practice_m2,级数与收敛方法,2,8,16,"[""微积分与数列极限"", ""解题训练"", ""能力提升""]"
calculus_and_sequences_practice,calculus_and_sequences_practice_m3,真题与难点突破,3,10,20,"[""微积分与数列极限"", ""解题训练"", ""能力提升""]"
campus_employability_advanced,campus_employability_advanced_m1,投递策略与Offer沟通,1,8,16,"[""就业竞争力"", ""成长规划"", ""能力提升""]"
campus_employability_advanced,campus_employability_advanced_m2,终面复盘与查漏补缺,2,10,20,"[""就业竞争力"", ""成长规划"", ""能力提升""]"
campus_employability_advanced,campus_employability_advanced_m3,求职心态与节奏管理,3,8,16,"[""就业竞争力"", ""成长规划"", ""能力提升""]"
campus_employability_foundation,campus_employability_foundation_m1,职业方向定位与能力盘点,1,6,12,"[""就业竞争力"", ""成长规划"", ""能力提升""]"
campus_employability_foundation,campus_employability_foundation_m2,求职时间线与岗位认知,2,8,16,"[""就业竞争力"", ""成长规划"", ""能力提升""]"
campus_employability_foundation,campus_employability_foundation_m3,简历素材收集与整理,3,6,12,"[""就业竞争力"", ""成长规划"", ""能力提升""]"
campus_employability_practice,campus_employability_practice_m1,简历修改与项目表达,1,8,16,"[""就业竞争力"", ""成长规划"", ""能力提升""]"
campus_employability_practice,campus_employability_practice_m2,结构化面试与自我介绍,2,8,16,"[""就业竞争力"", ""成长规划"", ""能力提升""]"
campus_employability_practice,campus_employability_practice_m3,群面单面模拟演练,3,8,16,"[""就业竞争力"", ""成长规划"", ""能力提升""]"
civil_service_exam_advanced,civil_service_exam_advanced_m1,结构化面试高频题,1,8,16,"[""公务员考试"", ""题型技巧"", ""模考复盘""]"
civil_service_exam_advanced,civil_service_exam_advanced_m2,表达组织与临场反馈,2,10,20,"[""公务员考试"", ""题型技巧"", ""模考复盘""]"
civil_service_exam_advanced,civil_service_exam_advanced_m3,全真模拟与个性化纠偏,3,8,16,"[""公务员考试"", ""题型技巧"", ""模考复盘""]"
civil_service_exam_foundation,civil_service_exam_foundation_m1,行测五大模块入门,1,8,16,"[""公务员考试"", ""题型技巧"", ""模考复盘""]"
civil_service_exam_foundation,civil_service_exam_foundation_m2,申论作答框架训练,2,10,20,"[""公务员考试"", ""题型技巧"", ""模考复盘""]"
civil_service_exam_foundation,civil_service_exam_foundation_m3,备考节奏与阶段测评,3,8,16,"[""公务员考试"", ""题型技巧"", ""模考复盘""]"
civil_service_exam_practice,civil_service_exam_practice_m1,数量关系与判断推理突破,1,8,16,"[""公务员考试"", ""题型技巧"", ""模考复盘""]"
civil_service_exam_practice,civil_service_exam_practice_m2,申论材料提炼与写作,2,10,20,"[""公务员考试"", ""题型技巧"", ""模考复盘""]"
civil_service_exam_practice,civil_service_exam_practice_m3,历年真题套卷实战,3,8,16,"[""公务员考试"", ""题型技巧"", ""模考复盘""]"
compiler_and_language_systems_advanced,compiler_and_language_systems_advanced_m1,优化、代码生成与工具链,1,8,16,"[""编译与语言系统"", ""系统设计"", ""性能优化""]"
compiler_and_language_systems_advanced,compiler_and_language_systems_advanced_m2,编译工程案例拆解,2,10,20,"[""编译与语言系统"", ""系统设计"", ""性能优化""]"
compiler_and_language_systems_advanced,compiler_and_language_systems_advanced_m3,编译器项目复盘,3,12,24,"[""编译与语言系统"", ""系统设计"", ""性能优化""]"
compiler_and_language_systems_foundation,compiler_and_language_systems_foundation_m1,词法语法分析基础,1,8,16,"[""编译与语言系统"", ""系统设计"", ""性能优化""]"
compiler_and_language_systems_foundation,compiler_and_language_systems_foundation_m2,AST与语义分析入门,2,10,20,"[""编译与语言系统"", ""系统设计"", ""性能优化""]"
compiler_and_language_systems_foundation,compiler_and_language_systems_foundation_m3,简易编译实验,3,10,20,"[""编译与语言系统"", ""系统设计"", ""性能优化""]"
compiler_and_language_systems_practice,compiler_and_language_systems_practice_m1,解释执行与字节码实现,1,8,16,"[""编译与语言系统"", ""系统设计"", ""性能优化""]"
compiler_and_language_systems_practice,compiler_and_language_systems_practice_m2,类型系统与错误处理,2,10,20,"[""编译与语言系统"", ""系统设计"", ""性能优化""]"
compiler_and_language_systems_practice,compiler_and_language_systems_practice_m3,小型语言实现项目,3,12,24,"[""编译与语言系统"", ""系统设计"", ""性能优化""]"
construction_certificate_advanced,construction_certificate_advanced_m1,全科串讲与模考演练,1,8,16,"[""建工类证书"", ""考证通关"", ""模考复盘""]"
construction_certificate_advanced,construction_certificate_advanced_m2,高频错题查漏补缺,2,10,20,"[""建工类证书"", ""考证通关"", ""模考复盘""]"
construction_certificate_advanced,construction_certificate_advanced_m3,考前押题与冲刺答疑,3,8,16,"[""建工类证书"", ""考证通关"", ""模考复盘""]"
construction_certificate_foundation,construction_certificate_foundation_m1,法规基础与管理知识,1,8,16,"[""建工类证书"", ""考证通关"", ""模考复盘""]"
construction_certificate_foundation,construction_certificate_foundation_m2,项目管理核心考点,2,10,20,"[""建工类证书"", ""考证通关"", ""模考复盘""]"
construction_certificate_foundation,construction_certificate_foundation_m3,入门真题训练,3,8,16,"[""建工类证书"", ""考证通关"", ""模考复盘""]"
construction_certificate_practice,construction_certificate_practice_m1,实务案例分析突破,1,8,16,"[""建工类证书"", ""考证通关"", ""模考复盘""]"
construction_certificate_practice,construction_certificate_practice_m2,施工组织与现场管理,2,10,20,"[""建工类证书"", ""考证通关"", ""模考复盘""]"
construction_certificate_practice,construction_certificate_practice_m3,高频案例复盘,3,8,16,"[""建工类证书"", ""考证通关"", ""模考复盘""]"
cross_team_collaboration_advanced,cross_team_collaboration_advanced_m1,复杂协同场景拆解,1,8,16,"[""跨部门协同"", ""管理场景"", ""组织协同""]"
cross_team_collaboration_advanced,cross_team_collaboration_advanced_m2,高层汇报与资源争取,2,8,16,"[""跨部门协同"", ""管理场景"", ""组织协同""]"
cross_team_collaboration_advanced,cross_team_collaboration_advanced_m3,组织级协作机制复盘,3,10,20,"[""跨部门协同"", ""管理场景"", ""组织协同""]"
cross_team_collaboration_foundation,cross_team_collaboration_foundation_m1,协同目标对齐与责任边界,1,6,12,"[""跨部门协同"", ""管理场景"", ""组织协同""]"
cross_team_collaboration_foundation,cross_team_collaboration_foundation_m2,会议沟通与信息同步,2,8,16,"[""跨部门协同"", ""管理场景"", ""组织协同""]"
cross_team_collaboration_foundation,cross_team_collaboration_foundation_m3,常见协同阻塞识别,3,8,16,"[""跨部门协同"", ""管理场景"", ""组织协同""]"
cross_team_collaboration_practice,cross_team_collaboration_practice_m1,依赖梳理与推进节奏设计,1,8,16,"[""跨部门协同"", ""管理场景"", ""组织协同""]"
cross_team_collaboration_practice,cross_team_collaboration_practice_m2,分歧处理与共识达成,2,8,16,"[""跨部门协同"", ""管理场景"", ""组织协同""]"
cross_team_collaboration_practice,cross_team_collaboration_practice_m3,跨团队项目案例演练,3,10,20,"[""跨部门协同"", ""管理场景"", ""组织协同""]"
customer_service_training_advanced,customer_service_training_advanced_m1,满意度提升与质检复盘,1,8,16,"[""客服培训"", ""服务沟通"", ""质量提升""]"
customer_service_training_advanced,customer_service_training_advanced_m2,知识库与标准话术建设,2,8,16,"[""客服培训"", ""服务沟通"", ""质量提升""]"
customer_service_training_advanced,customer_service_training_advanced_m3,服务案例拆解与优化,3,10,20,"[""客服培训"", ""服务沟通"", ""质量提升""]"
customer_service_training_foundation,customer_service_training_foundation_m1,客服流程与工单规范,1,6,12,"[""客服培训"", ""服务沟通"", ""质量提升""]"
customer_service_training_foundation,customer_service_training_foundation_m2,服务话术与情绪识别,2,8,16,"[""客服培训"", ""服务沟通"", ""质量提升""]"
customer_service_training_foundation,customer_service_training_foundation_m3,响应时效与基础演练,3,8,16,"[""客服培训"", ""服务沟通"", ""质量提升""]"
customer_service_training_practice,customer_service_training_practice_m1,投诉安抚与升级处理,1,8,16,"[""客服培训"", ""服务沟通"", ""质量提升""]"
customer_service_training_practice,customer_service_training_practice_m2,复杂客诉沟通策略,2,8,16,"[""客服培训"", ""服务沟通"", ""质量提升""]"
customer_service_training_practice,customer_service_training_practice_m3,服务补救与回访闭环,3,8,16,"[""客服培训"", ""服务沟通"", ""质量提升""]"
data_analysis_and_visualization_advanced,data_analysis_and_visualization_advanced_m1,可视化叙事与Dashboard设计,1,8,16,"[""数据分析与可视化"", ""项目实践"", ""工程能力""]"
data_analysis_and_visualization_advanced,data_analysis_and_visualization_advanced_m2,图表选型与表达优化,2,10,20,"[""数据分析与可视化"", ""项目实践"", ""工程能力""]"
data_analysis_and_visualization_advanced,data_analysis_and_visualization_advanced_m3,汇报材料与作品集打磨,3,12,24,"[""数据分析与可视化"", ""项目实践"", ""工程能力""]"
data_analysis_and_visualization_foundation,data_analysis_and_visualization_foundation_m1,SQL/Python数据处理基础,1,8,16,"[""数据分析与可视化"", ""项目实践"", ""工程能力""]"
data_analysis_and_visualization_foundation,data_analysis_and_visualization_foundation_m2,指标体系与业务分析思路,2,8,16,"[""数据分析与可视化"", ""项目实践"", ""工程能力""]"
data_analysis_and_visualization_foundation,data_analysis_and_visualization_foundation_m3,基础图表与看板表达,3,10,20,"[""数据分析与可视化"", ""项目实践"", ""工程能力""]"
data_analysis_and_visualization_practice,data_analysis_and_visualization_practice_m1,漏斗、留存、用户分群分析,1,8,16,"[""数据分析与可视化"", ""项目实践"", ""工程能力""]"
data_analysis_and_visualization_practice,data_analysis_and_visualization_practice_m2,A/B测试与实验设计,2,10,20,"[""数据分析与可视化"", ""项目实践"", ""工程能力""]"
data_analysis_and_visualization_practice,data_analysis_and_visualization_practice_m3,业务项目分析复盘,3,10,20,"[""数据分析与可视化"", ""项目实践"", ""工程能力""]"
data_and_quantitative_analysis_advanced,data_and_quantitative_analysis_advanced_m1,量化决策与商业案例,1,8,16,"[""数据与定量分析"", ""建模分析"", ""应用实践""]"
data_and_quantitative_analysis_advanced,data_and_quantitative_analysis_advanced_m2,分析模型迭代优化,2,10,20,"[""数据与定量分析"", ""建模分析"", ""应用实践""]"
data_and_quantitative_analysis_advanced,data_and_quantitative_analysis_advanced_m3,综合项目复盘,3,10,20,"[""数据与定量分析"", ""建模分析"", ""应用实践""]"
data_and_quantitative_analysis_foundation,data_and_quantitative_analysis_foundation_m1,数据描述与指标构建,1,6,12,"[""数据与定量分析"", ""建模分析"", ""应用实践""]"
data_and_quantitative_analysis_foundation,data_and_quantitative_analysis_foundation_m2,基础统计与可视化思维,2,8,16,"[""数据与定量分析"", ""建模分析"", ""应用实践""]"
data_and_quantitative_analysis_foundation,data_and_quantitative_analysis_foundation_m3,表格分析训练,3,8,16,"[""数据与定量分析"", ""建模分析"", ""应用实践""]"
data_and_quantitative_analysis_practice,data_and_quantitative_analysis_practice_m1,回归建模与解释分析,1,8,16,"[""数据与定量分析"", ""建模分析"", ""应用实践""]"
data_and_quantitative_analysis_practice,data_and_quantitative_analysis_practice_m2,用户与经营分析框架,2,8,16,"[""数据与定量分析"", ""建模分析"", ""应用实践""]"
data_and_quantitative_analysis_practice,data_and_quantitative_analysis_practice_m3,分析报告写作实践,3,10,20,"[""数据与定量分析"", ""建模分析"", ""应用实践""]"
data_compliance_advanced,data_compliance_advanced_m1,数据资产盘点与治理机制,1,8,16,"[""数据合规"", ""隐私保护"", ""治理机制""]"
data_compliance_advanced,data_compliance_advanced_m2,跨部门协同与责任分工,2,8,16,"[""数据合规"", ""隐私保护"", ""治理机制""]"
data_compliance_advanced,data_compliance_advanced_m3,制度优化与复盘闭环,3,10,20,"[""数据合规"", ""隐私保护"", ""治理机制""]"
data_compliance_foundation,data_compliance_foundation_m1,数据合规框架与法规认知,1,6,12,"[""数据合规"", ""隐私保护"", ""治理机制""]"
data_compliance_foundation,data_compliance_foundation_m2,敏感数据识别与分级,2,8,16,"[""数据合规"", ""隐私保护"", ""治理机制""]"
data_compliance_foundation,data_compliance_foundation_m3,典型风险场景梳理,3,8,16,"[""数据合规"", ""隐私保护"", ""治理机制""]"
data_compliance_practice,data_compliance_practice_m1,授权告知与最小必要原则,1,8,16,"[""数据合规"", ""隐私保护"", ""治理机制""]"
data_compliance_practice,data_compliance_practice_m2,隐私保护流程与审计留痕,2,8,16,"[""数据合规"", ""隐私保护"", ""治理机制""]"
data_compliance_practice,data_compliance_practice_m3,业务案例与整改演练,3,8,16,"[""数据合规"", ""隐私保护"", ""治理机制""]"
data_engineering_advanced,data_engineering_advanced_m1,湖仓一体架构设计,1,8,16,"[""数据工程"", ""项目实践"", ""工程能力""]"
data_engineering_advanced,data_engineering_advanced_m2,平台化治理与成本优化,2,10,20,"[""数据工程"", ""项目实践"", ""工程能力""]"
data_engineering_advanced,data_engineering_advanced_m3,企业级平台案例拆解,3,12,24,"[""数据工程"", ""项目实践"", ""工程能力""]"
data_engineering_foundation,data_engineering_foundation_m1,数据仓库建模基础,1,8,16,"[""数据工程"", ""项目实践"", ""工程能力""]"
data_engineering_foundation,data_engineering_foundation_m2,ETL流程与调度认知,2,8,16,"[""数据工程"", ""项目实践"", ""工程能力""]"
data_engineering_foundation,data_engineering_foundation_m3,离线数仓案例入门,3,10,20,"[""数据工程"", ""项目实践"", ""工程能力""]"
data_engineering_practice,data_engineering_practice_m1,实时计算与数据同步,1,8,16,"[""数据工程"", ""项目实践"", ""工程能力""]"
data_engineering_practice,data_engineering_practice_m2,任务编排与质量监控,2,10,20,"[""数据工程"", ""项目实践"", ""工程能力""]"
data_engineering_practice,data_engineering_practice_m3,数仓项目联调与复盘,3,10,20,"[""数据工程"", ""项目实践"", ""工程能力""]"
data_storage_systems_advanced,data_storage_systems_advanced_m1,高可用架构与主从复制,1,8,16,"[""数据存储系统"", ""系统设计"", ""性能优化""]"
data_storage_systems_advanced,data_storage_systems_advanced_m2,慢查询排查与性能优化,2,10,20,"[""数据存储系统"", ""系统设计"", ""性能优化""]"
data_storage_systems_advanced,data_storage_systems_advanced_m3,数据库治理与复盘,3,12,24,"[""数据存储系统"", ""系统设计"", ""性能优化""]"
data_storage_systems_foundation,data_storage_systems_foundation_m1,关系型数据库建模入门,1,8,16,"[""数据存储系统"", ""系统设计"", ""性能优化""]"
data_storage_systems_foundation,data_storage_systems_foundation_m2,SQL查询与索引基础,2,10,20,"[""数据存储系统"", ""系统设计"", ""性能优化""]"
data_storage_systems_foundation,data_storage_systems_foundation_m3,事务与并发控制认知,3,10,20,"[""数据存储系统"", ""系统设计"", ""性能优化""]"
data_storage_systems_practice,data_storage_systems_practice_m1,存储过程与数据开发实践,1,8,16,"[""数据存储系统"", ""系统设计"", ""性能优化""]"
data_storage_systems_practice,data_storage_systems_practice_m2,NoSQL与缓存协同,2,10,20,"[""数据存储系统"", ""系统设计"", ""性能优化""]"
data_storage_systems_practice,data_storage_systems_practice_m3,数据项目联调与讲评,3,12,24,"[""数据存储系统"", ""系统设计"", ""性能优化""]"
deep_learning_and_perception_advanced,deep_learning_and_perception_advanced_m1,模型压缩与部署优化,1,8,16,"[""深度学习与感知智能"", ""项目实践"", ""工程能力""]"
deep_learning_and_perception_advanced,deep_learning_and_perception_advanced_m2,多卡训练与工程化流程,2,10,20,"[""深度学习与感知智能"", ""项目实践"", ""工程能力""]"
deep_learning_and_perception_advanced,deep_learning_and_perception_advanced_m3,线上推理与性能分析,3,12,24,"[""深度学习与感知智能"", ""项目实践"", ""工程能力""]"
deep_learning_and_perception_foundation,deep_learning_and_perception_foundation_m1,神经网络与训练基础,1,8,16,"[""深度学习与感知智能"", ""项目实践"", ""工程能力""]"
deep_learning_and_perception_foundation,deep_learning_and_perception_foundation_m2,CNN与常见视觉任务,2,8,16,"[""深度学习与感知智能"", ""项目实践"", ""工程能力""]"
deep_learning_and_perception_foundation,deep_learning_and_perception_foundation_m3,入门实验与调参,3,10,20,"[""深度学习与感知智能"", ""项目实践"", ""工程能力""]"
deep_learning_and_perception_practice,deep_learning_and_perception_practice_m1,检测分割与表征学习,1,8,16,"[""深度学习与感知智能"", ""项目实践"", ""工程能力""]"
deep_learning_and_perception_practice,deep_learning_and_perception_practice_m2,数据标注与实验管理,2,10,20,"[""深度学习与感知智能"", ""项目实践"", ""工程能力""]"
deep_learning_and_perception_practice,deep_learning_and_perception_practice_m3,感知项目实践与复盘,3,10,20,"[""深度学习与感知智能"", ""项目实践"", ""工程能力""]"
discrete_and_combinatorial_math_advanced,discrete_and_combinatorial_math_advanced_m1,图论算法与复杂度认知,1,8,16,"[""离散与组合数学"", ""理论进阶"", ""证明训练""]"
discrete_and_combinatorial_math_advanced,discrete_and_combinatorial_math_advanced_m2,匹配、着色与网络流,2,10,20,"[""离散与组合数学"", ""理论进阶"", ""证明训练""]"
discrete_and_combinatorial_math_advanced,discrete_and_combinatorial_math_advanced_m3,综合项目与复盘,3,10,20,"[""离散与组合数学"", ""理论进阶"", ""证明训练""]"
discrete_and_combinatorial_math_foundation,discrete_and_combinatorial_math_foundation_m1,集合关系与图论入门,1,6,12,"[""离散与组合数学"", ""理论进阶"", ""证明训练""]"
discrete_and_combinatorial_math_foundation,discrete_and_combinatorial_math_foundation_m2,计数基础与递推方法,2,8,16,"[""离散与组合数学"", ""理论进阶"", ""证明训练""]"
discrete_and_combinatorial_math_foundation,discrete_and_combinatorial_math_foundation_m3,离散结构训练,3,8,16,"[""离散与组合数学"", ""理论进阶"", ""证明训练""]"
discrete_and_combinatorial_math_practice,discrete_and_combinatorial_math_practice_m1,组合恒等式与生成函数,1,8,16,"[""离散与组合数学"", ""理论进阶"", ""证明训练""]"
discrete_and_combinatorial_math_practice,discrete_and_combinatorial_math_practice_m2,极值组合与构造题,2,8,16,"[""离散与组合数学"", ""理论进阶"", ""证明训练""]"
discrete_and_combinatorial_math_practice,discrete_and_combinatorial_math_practice_m3,专题题型拆解,3,10,20,"[""离散与组合数学"", ""理论进阶"", ""证明训练""]"
distributed_and_cloud_systems_advanced,distributed_and_cloud_systems_advanced_m1,分布式事务与高可用设计,1,8,16,"[""分布式与云系统"", ""系统设计"", ""性能优化""]"
distributed_and_cloud_systems_advanced,distributed_and_cloud_systems_advanced_m2,容量规划与故障演练,2,10,20,"[""分布式与云系统"", ""系统设计"", ""性能优化""]"
distributed_and_cloud_systems_advanced,distributed_and_cloud_systems_advanced_m3,架构复盘与系统设计,3,12,24,"[""分布式与云系统"", ""系统设计"", ""性能优化""]"
distributed_and_cloud_systems_foundation,distributed_and_cloud_systems_foundation_m1,一致性与服务治理基础,1,8,16,"[""分布式与云系统"", ""系统设计"", ""性能优化""]"
distributed_and_cloud_systems_foundation,distributed_and_cloud_systems_foundation_m2,缓存消息队列与注册发现,2,10,20,"[""分布式与云系统"", ""系统设计"", ""性能优化""]"
distributed_and_cloud_systems_foundation,distributed_and_cloud_systems_foundation_m3,分布式案例入门,3,10,20,"[""分布式与云系统"", ""系统设计"", ""性能优化""]"
distributed_and_cloud_systems_practice,distributed_and_cloud_systems_practice_m1,容器化部署与K8s实践,1,8,16,"[""分布式与云系统"", ""系统设计"", ""性能优化""]"
distributed_and_cloud_systems_practice,distributed_and_cloud_systems_practice_m2,链路追踪与可观测性,2,10,20,"[""分布式与云系统"", ""系统设计"", ""性能优化""]"
distributed_and_cloud_systems_practice,distributed_and_cloud_systems_practice_m3,云原生项目联调,3,12,24,"[""分布式与云系统"", ""系统设计"", ""性能优化""]"
first_line_management_advanced,first_line_management_advanced_m1,管理复盘与指标改进,1,8,16,"[""基层管理"", ""管理场景"", ""组织协同""]"
first_line_management_advanced,first_line_management_advanced_m2,跨班组协同与上行沟通,2,8,16,"[""基层管理"", ""管理场景"", ""组织协同""]"
first_line_management_advanced,first_line_management_advanced_m3,晋升述职与管理案例演练,3,10,20,"[""基层管理"", ""管理场景"", ""组织协同""]"
first_line_management_foundation,first_line_management_foundation_m1,从骨干到主管的角色切换,1,6,12,"[""基层管理"", ""管理场景"", ""组织协同""]"
first_line_management_foundation,first_line_management_foundation_m2,日常带教与班组沟通,2,8,16,"[""基层管理"", ""管理场景"", ""组织协同""]"
first_line_management_foundation,first_line_management_foundation_m3,目标分配与执行跟进,3,8,16,"[""基层管理"", ""管理场景"", ""组织协同""]"
first_line_management_practice,first_line_management_practice_m1,排班协同与现场节奏管理,1,8,16,"[""基层管理"", ""管理场景"", ""组织协同""]"
first_line_management_practice,first_line_management_practice_m2,绩效面谈与问题员工处理,2,8,16,"[""基层管理"", ""管理场景"", ""组织协同""]"
first_line_management_practice,first_line_management_practice_m3,冲突沟通与氛围建设,3,10,20,"[""基层管理"", ""管理场景"", ""组织协同""]"
foundation_models_and_agents_advanced,foundation_models_and_agents_advanced_m1,参数高效微调与数据构建,1,8,16,"[""基础模型与智能体"", ""项目实践"", ""工程能力""]"
foundation_models_and_agents_advanced,foundation_models_and_agents_advanced_m2,推理服务与部署运维,2,10,20,"[""基础模型与智能体"", ""项目实践"", ""工程能力""]"
foundation_models_and_agents_advanced,foundation_models_and_agents_advanced_m3,企业级方案复盘,3,12,24,"[""基础模型与智能体"", ""项目实践"", ""工程能力""]"
foundation_models_and_agents_foundation,foundation_models_and_agents_foundation_m1,提示工程与RAG基础,1,8,16,"[""基础模型与智能体"", ""项目实践"", ""工程能力""]"
foundation_models_and_agents_foundation,foundation_models_and_agents_foundation_m2,工具调用与工作流设计,2,8,16,"[""基础模型与智能体"", ""项目实践"", ""工程能力""]"
foundation_models_and_agents_foundation,foundation_models_and_agents_foundation_m3,应用Demo搭建,3,10,20,"[""基础模型与智能体"", ""项目实践"", ""工程能力""]"
foundation_models_and_agents_practice,foundation_models_and_agents_practice_m1,多Agent协作与业务编排,1,8,16,"[""基础模型与智能体"", ""项目实践"", ""工程能力""]"
foundation_models_and_agents_practice,foundation_models_and_agents_practice_m2,评测体系与效果迭代,2,10,20,"[""基础模型与智能体"", ""项目实践"", ""工程能力""]"
foundation_models_and_agents_practice,foundation_models_and_agents_practice_m3,业务场景项目实战,3,10,20,"[""基础模型与智能体"", ""项目实践"", ""工程能力""]"
frontend_development_advanced,frontend_development_advanced_m1,性能优化与渲染机制,1,8,16,"[""前端开发"", ""项目实践"", ""工程能力""]"
frontend_development_advanced,frontend_development_advanced_m2,复杂业务组件设计,2,10,20,"[""前端开发"", ""项目实践"", ""工程能力""]"
frontend_development_advanced,frontend_development_advanced_m3,作品集项目与面试复盘,3,12,24,"[""前端开发"", ""项目实践"", ""工程能力""]"
frontend_development_foundation,frontend_development_foundation_m1,页面结构与样式体系,1,8,16,"[""前端开发"", ""项目实践"", ""工程能力""]"
frontend_development_foundation,frontend_development_foundation_m2,JavaScript交互与组件思维,2,10,20,"[""前端开发"", ""项目实践"", ""工程能力""]"
frontend_development_foundation,frontend_development_foundation_m3,响应式页面练习,3,10,20,"[""前端开发"", ""项目实践"", ""工程能力""]"
frontend_development_practice,frontend_development_practice_m1,React/Vue项目开发,1,8,16,"[""前端开发"", ""项目实践"", ""工程能力""]"
frontend_development_practice,frontend_development_practice_m2,状态管理与接口联调,2,10,20,"[""前端开发"", ""项目实践"", ""工程能力""]"
frontend_development_practice,frontend_development_practice_m3,构建部署与质量规范,3,12,24,"[""前端开发"", ""项目实践"", ""工程能力""]"
fullstack_development_advanced,fullstack_development_advanced_m1,架构拆分与性能优化,1,8,16,"[""全栈开发"", ""项目实践"", ""工程能力""]"
fullstack_development_advanced,fullstack_development_advanced_m2,DevOps与发布流程,2,10,20,"[""全栈开发"", ""项目实践"", ""工程能力""]"
fullstack_development_advanced,fullstack_development_advanced_m3,作品集项目与求职辅导,3,12,24,"[""全栈开发"", ""项目实践"", ""工程能力""]"
fullstack_development_foundation,fullstack_development_foundation_m1,前后端基础打通,1,8,16,"[""全栈开发"", ""项目实践"", ""工程能力""]"
fullstack_development_foundation,fullstack_development_foundation_m2,数据库与接口协作,2,10,20,"[""全栈开发"", ""项目实践"", ""工程能力""]"
fullstack_development_foundation,fullstack_development_foundation_m3,业务流程完整跑通,3,10,20,"[""全栈开发"", ""项目实践"", ""工程能力""]"
fullstack_development_practice,fullstack_development_practice_m1,前后端联调与部署,1,8,16,"[""全栈开发"", ""项目实践"", ""工程能力""]"
fullstack_development_practice,fullstack_development_practice_m2,权限、支付与文件上传,2,10,20,"[""全栈开发"", ""项目实践"", ""工程能力""]"
fullstack_development_practice,fullstack_development_practice_m3,综合项目开发与讲评,3,12,24,"[""全栈开发"", ""项目实践"", ""工程能力""]"
general_purpose_programming_advanced,general_purpose_programming_advanced_m1,代码质量与调试技巧,1,8,16,"[""通用程序设计"", ""项目实践"", ""工程能力""]"
general_purpose_programming_advanced,general_purpose_programming_advanced_m2,算法基础与面试题训练,2,10,20,"[""通用程序设计"", ""项目实践"", ""工程能力""]"
general_purpose_programming_advanced,general_purpose_programming_advanced_m3,作品集项目与能力复盘,3,12,24,"[""通用程序设计"", ""项目实践"", ""工程能力""]"
general_purpose_programming_foundation,general_purpose_programming_foundation_m1,语法基础与开发环境,1,8,16,"[""通用程序设计"", ""项目实践"", ""工程能力""]"
general_purpose_programming_foundation,general_purpose_programming_foundation_m2,流程控制与数据结构入门,2,10,20,"[""通用程序设计"", ""项目实践"", ""工程能力""]"
general_purpose_programming_foundation,general_purpose_programming_foundation_m3,函数抽象与小练习,3,10,20,"[""通用程序设计"", ""项目实践"", ""工程能力""]"
general_purpose_programming_practice,general_purpose_programming_practice_m1,面向对象与常用库实践,1,8,16,"[""通用程序设计"", ""项目实践"", ""工程能力""]"
general_purpose_programming_practice,general_purpose_programming_practice_m2,命令行工具与文件处理,2,10,20,"[""通用程序设计"", ""项目实践"", ""工程能力""]"
general_purpose_programming_practice,general_purpose_programming_practice_m3,综合项目开发与讲评,3,12,24,"[""通用程序设计"", ""项目实践"", ""工程能力""]"
geometry_and_topology_advanced,geometry_and_topology_advanced_m1,微分流形与曲率,1,8,16,"[""几何与拓扑"", ""理论进阶"", ""证明训练""]"
geometry_and_topology_advanced,geometry_and_topology_advanced_m2,代数拓扑导论,2,10,20,"[""几何与拓扑"", ""理论进阶"", ""证明训练""]"
geometry_and_topology_advanced,geometry_and_topology_advanced_m3,综合专题复盘,3,10,20,"[""几何与拓扑"", ""理论进阶"", ""证明训练""]"
geometry_and_topology_foundation,geometry_and_topology_foundation_m1,拓扑空间基础概念,1,6,12,"[""几何与拓扑"", ""理论进阶"", ""证明训练""]"
geometry_and_topology_foundation,geometry_and_topology_foundation_m2,连续映射与紧致性,2,8,16,"[""几何与拓扑"", ""理论进阶"", ""证明训练""]"
geometry_and_topology_foundation,geometry_and_topology_foundation_m3,导论例题训练,3,8,16,"[""几何与拓扑"", ""理论进阶"", ""证明训练""]"
geometry_and_topology_practice,geometry_and_topology_practice_m1,同伦同调初步,1,8,16,"[""几何与拓扑"", ""理论进阶"", ""证明训练""]"
geometry_and_topology_practice,geometry_and_topology_practice_m2,流形基础与结构认知,2,8,16,"[""几何与拓扑"", ""理论进阶"", ""证明训练""]"
geometry_and_topology_practice,geometry_and_topology_practice_m3,专题习题讲评,3,10,20,"[""几何与拓扑"", ""理论进阶"", ""证明训练""]"
geometry_foundations_advanced,geometry_foundations_advanced_m1,几何证明思路训练,1,8,16,"[""几何学基础"", ""解题训练"", ""能力提升""]"
geometry_foundations_advanced,geometry_foundations_advanced_m2,空间向量与综合题,2,10,20,"[""几何学基础"", ""解题训练"", ""能力提升""]"
geometry_foundations_advanced,geometry_foundations_advanced_m3,拔高训练与测评,3,10,20,"[""几何学基础"", ""解题训练"", ""能力提升""]"
geometry_foundations_foundation,geometry_foundations_foundation_m1,平面几何核心模型,1,6,12,"[""几何学基础"", ""解题训练"", ""能力提升""]"
geometry_foundations_foundation,geometry_foundations_foundation_m2,立体几何基础认知,2,8,16,"[""几何学基础"", ""解题训练"", ""能力提升""]"
geometry_foundations_foundation,geometry_foundations_foundation_m3,同步习题讲评,3,8,16,"[""几何学基础"", ""解题训练"", ""能力提升""]"
geometry_foundations_practice,geometry_foundations_practice_m1,坐标法与向量法应用,1,8,16,"[""几何学基础"", ""解题训练"", ""能力提升""]"
geometry_foundations_practice,geometry_foundations_practice_m2,圆锥曲线常见题型,2,8,16,"[""几何学基础"", ""解题训练"", ""能力提升""]"
geometry_foundations_practice,geometry_foundations_practice_m3,专题训练与复盘,3,10,20,"[""几何学基础"", ""解题训练"", ""能力提升""]"
graphics_rendering_pipeline_advanced,graphics_rendering_pipeline_advanced_m1,引擎渲染架构设计,1,8,16,"[""图形与渲染管线"", ""图形交互"", ""项目实战""]"
graphics_rendering_pipeline_advanced,graphics_rendering_pipeline_advanced_m2,渲染优化与平台适配,2,10,20,"[""图形与渲染管线"", ""图形交互"", ""项目实战""]"
graphics_rendering_pipeline_advanced,graphics_rendering_pipeline_advanced_m3,复杂项目复盘,3,12,24,"[""图形与渲染管线"", ""图形交互"", ""项目实战""]"
graphics_rendering_pipeline_foundation,graphics_rendering_pipeline_foundation_m1,图形学基础与坐标变换,1,8,16,"[""图形与渲染管线"", ""图形交互"", ""项目实战""]"
graphics_rendering_pipeline_foundation,graphics_rendering_pipeline_foundation_m2,光栅化与着色器入门,2,8,16,"[""图形与渲染管线"", ""图形交互"", ""项目实战""]"
graphics_rendering_pipeline_foundation,graphics_rendering_pipeline_foundation_m3,OpenGL/渲染实验,3,10,20,"[""图形与渲染管线"", ""图形交互"", ""项目实战""]"
graphics_rendering_pipeline_practice,graphics_rendering_pipeline_practice_m1,材质系统与后处理效果,1,8,16,"[""图形与渲染管线"", ""图形交互"", ""项目实战""]"
graphics_rendering_pipeline_practice,graphics_rendering_pipeline_practice_m2,渲染管线调优与调试,2,10,20,"[""图形与渲染管线"", ""图形交互"", ""项目实战""]"
graphics_rendering_pipeline_practice,graphics_rendering_pipeline_practice_m3,图形项目案例实践,3,10,20,"[""图形与渲染管线"", ""图形交互"", ""项目实战""]"
interactive_media_and_games_advanced,interactive_media_and_games_advanced_m1,经济系统与数值平衡,1,8,16,"[""交互媒体与游戏"", ""图形交互"", ""项目实战""]"
interactive_media_and_games_advanced,interactive_media_and_games_advanced_m2,多人协作与内容迭代,2,10,20,"[""交互媒体与游戏"", ""图形交互"", ""项目实战""]"
interactive_media_and_games_advanced,interactive_media_and_games_advanced_m3,完整游戏项目复盘,3,12,24,"[""交互媒体与游戏"", ""图形交互"", ""项目实战""]"
interactive_media_and_games_foundation,interactive_media_and_games_foundation_m1,游戏循环与关卡设计基础,1,8,16,"[""交互媒体与游戏"", ""图形交互"", ""项目实战""]"
interactive_media_and_games_foundation,interactive_media_and_games_foundation_m2,交互反馈与资源流程,2,8,16,"[""交互媒体与游戏"", ""图形交互"", ""项目实战""]"
interactive_media_and_games_foundation,interactive_media_and_games_foundation_m3,小游戏开发入门,3,10,20,"[""交互媒体与游戏"", ""图形交互"", ""项目实战""]"
interactive_media_and_games_practice,interactive_media_and_games_practice_m1,角色、UI与交互系统设计,1,8,16,"[""交互媒体与游戏"", ""图形交互"", ""项目实战""]"
interactive_media_and_games_practice,interactive_media_and_games_practice_m2,状态机与动画协同,2,10,20,"[""交互媒体与游戏"", ""图形交互"", ""项目实战""]"
interactive_media_and_games_practice,interactive_media_and_games_practice_m3,游戏项目实战与讲评,3,10,20,"[""交互媒体与游戏"", ""图形交互"", ""项目实战""]"
interdisciplinary_mathematics_advanced,interdisciplinary_mathematics_advanced_m1,综合项目选题与实现,1,8,16,"[""交叉数学方向"", ""理论进阶"", ""证明训练""]"
interdisciplinary_mathematics_advanced,interdisciplinary_mathematics_advanced_m2,多学科协同分析框架,2,10,20,"[""交叉数学方向"", ""理论进阶"", ""证明训练""]"
interdisciplinary_mathematics_advanced,interdisciplinary_mathematics_advanced_m3,成果汇报与复盘,3,10,20,"[""交叉数学方向"", ""理论进阶"", ""证明训练""]"
interdisciplinary_mathematics_foundation,interdisciplinary_mathematics_foundation_m1,数学在AI、经济中的应用认知,1,6,12,"[""交叉数学方向"", ""理论进阶"", ""证明训练""]"
interdisciplinary_mathematics_foundation,interdisciplinary_mathematics_foundation_m2,交叉问题建模思路,2,8,16,"[""交叉数学方向"", ""理论进阶"", ""证明训练""]"
interdisciplinary_mathematics_foundation,interdisciplinary_mathematics_foundation_m3,工具链基础,3,8,16,"[""交叉数学方向"", ""理论进阶"", ""证明训练""]"
interdisciplinary_mathematics_practice,interdisciplinary_mathematics_practice_m1,工程、金融、生统案例分析,1,8,16,"[""交叉数学方向"", ""理论进阶"", ""证明训练""]"
interdisciplinary_mathematics_practice,interdisciplinary_mathematics_practice_m2,应用方法训练与报告输出,2,8,16,"[""交叉数学方向"", ""理论进阶"", ""证明训练""]"
interdisciplinary_mathematics_practice,interdisciplinary_mathematics_practice_m3,跨学科案例实战,3,10,20,"[""交叉数学方向"", ""理论进阶"", ""证明训练""]"
internship_preparation_advanced,internship_preparation_advanced_m1,暑期实习与秋招衔接,1,8,16,"[""实习与求职准备"", ""成长规划"", ""能力提升""]"
internship_preparation_advanced,internship_preparation_advanced_m2,笔面试冲刺与时间规划,2,10,20,"[""实习与求职准备"", ""成长规划"", ""能力提升""]"
internship_preparation_advanced,internship_preparation_advanced_m3,Offer选择与跟进策略,3,8,16,"[""实习与求职准备"", ""成长规划"", ""能力提升""]"
internship_preparation_foundation,internship_preparation_foundation_m1,实习岗位认知与选择,1,6,12,"[""实习与求职准备"", ""成长规划"", ""能力提升""]"
internship_preparation_foundation,internship_preparation_foundation_m2,简历基础与投递准备,2,8,16,"[""实习与求职准备"", ""成长规划"", ""能力提升""]"
internship_preparation_foundation,internship_preparation_foundation_m3,实习面试入门训练,3,6,12,"[""实习与求职准备"", ""成长规划"", ""能力提升""]"
internship_preparation_practice,internship_preparation_practice_m1,实习项目经历包装,1,8,16,"[""实习与求职准备"", ""成长规划"", ""能力提升""]"
internship_preparation_practice,internship_preparation_practice_m2,高频面试题与案例表达,2,8,16,"[""实习与求职准备"", ""成长规划"", ""能力提升""]"
internship_preparation_practice,internship_preparation_practice_m3,模拟面试与反馈优化,3,8,16,"[""实习与求职准备"", ""成长规划"", ""能力提升""]"
interview_training_advanced,interview_training_advanced_m1,申论观点提炼与表达迁移,1,8,16,"[""面试与申论专项"", ""题型技巧"", ""模考复盘""]"
interview_training_advanced,interview_training_advanced_m2,面试热点题联训,2,10,20,"[""面试与申论专项"", ""题型技巧"", ""模考复盘""]"
interview_training_advanced,interview_training_advanced_m3,整套模拟与个性纠偏,3,8,16,"[""面试与申论专项"", ""题型技巧"", ""模考复盘""]"
interview_training_foundation,interview_training_foundation_m1,结构化面试答题框架,1,8,16,"[""面试与申论专项"", ""题型技巧"", ""模考复盘""]"
interview_training_foundation,interview_training_foundation_m2,常见题型表达训练,2,10,20,"[""面试与申论专项"", ""题型技巧"", ""模考复盘""]"
interview_training_foundation,interview_training_foundation_m3,录屏复盘与反馈,3,8,16,"[""面试与申论专项"", ""题型技巧"", ""模考复盘""]"
interview_training_practice,interview_training_practice_m1,群面角色分工与发言策略,1,8,16,"[""面试与申论专项"", ""题型技巧"", ""模考复盘""]"
interview_training_practice,interview_training_practice_m2,攻防互动与节奏控制,2,10,20,"[""面试与申论专项"", ""题型技巧"", ""模考复盘""]"
interview_training_practice,interview_training_practice_m3,模拟演练与点评,3,8,16,"[""面试与申论专项"", ""题型技巧"", ""模考复盘""]"
it_certificate_advanced,it_certificate_advanced_m1,冲刺考点串讲,1,8,16,"[""IT与数字化证书"", ""考证通关"", ""模考复盘""]"
it_certificate_advanced,it_certificate_advanced_m2,机考演练与时间管理,2,10,20,"[""IT与数字化证书"", ""考证通关"", ""模考复盘""]"
it_certificate_advanced,it_certificate_advanced_m3,考前答疑与重点回看,3,8,16,"[""IT与数字化证书"", ""考证通关"", ""模考复盘""]"
it_certificate_foundation,it_certificate_foundation_m1,信息系统基础知识,1,8,16,"[""IT与数字化证书"", ""考证通关"", ""模考复盘""]"
it_certificate_foundation,it_certificate_foundation_m2,案例分析题型入门,2,10,20,"[""IT与数字化证书"", ""考证通关"", ""模考复盘""]"
it_certificate_foundation,it_certificate_foundation_m3,阶段练习与学习路径,3,8,16,"[""IT与数字化证书"", ""考证通关"", ""模考复盘""]"
it_certificate_practice,it_certificate_practice_m1,项目管理十大知识域,1,8,16,"[""IT与数字化证书"", ""考证通关"", ""模考复盘""]"
it_certificate_practice,it_certificate_practice_m2,论文写作与案例拆解,2,10,20,"[""IT与数字化证书"", ""考证通关"", ""模考复盘""]"
it_certificate_practice,it_certificate_practice_m3,高项实战模考,3,8,16,"[""IT与数字化证书"", ""考证通关"", ""模考复盘""]"
leadership_growth_advanced,leadership_growth_advanced_m1,战略拆解与组织协同,1,8,16,"[""领导力进阶"", ""管理场景"", ""组织协同""]"
leadership_growth_advanced,leadership_growth_advanced_m2,复杂人事问题处理,2,8,16,"[""领导力进阶"", ""管理场景"", ""组织协同""]"
leadership_growth_advanced,leadership_growth_advanced_m3,案例研讨与领导风格复盘,3,10,20,"[""领导力进阶"", ""管理场景"", ""组织协同""]"
leadership_growth_foundation,leadership_growth_foundation_m1,管理者角色与自我升级,1,6,12,"[""领导力进阶"", ""管理场景"", ""组织协同""]"
leadership_growth_foundation,leadership_growth_foundation_m2,目标传导与团队影响力,2,8,16,"[""领导力进阶"", ""管理场景"", ""组织协同""]"
leadership_growth_foundation,leadership_growth_foundation_m3,决策判断与反馈机制,3,8,16,"[""领导力进阶"", ""管理场景"", ""组织协同""]"
leadership_growth_practice,leadership_growth_practice_m1,团队搭建与授权辅导,1,8,16,"[""领导力进阶"", ""管理场景"", ""组织协同""]"
leadership_growth_practice,leadership_growth_practice_m2,经营复盘与关键沟通,2,8,16,"[""领导力进阶"", ""管理场景"", ""组织协同""]"
leadership_growth_practice,leadership_growth_practice_m3,高压场景领导力训练,3,10,20,"[""领导力进阶"", ""管理场景"", ""组织协同""]"
legal_certificate_advanced,legal_certificate_advanced_m1,全科压缩串讲,1,8,16,"[""法律与合规证书"", ""考证通关"", ""模考复盘""]"
legal_certificate_advanced,legal_certificate_advanced_m2,主客观一体模考,2,10,20,"[""法律与合规证书"", ""考证通关"", ""模考复盘""]"
legal_certificate_advanced,legal_certificate_advanced_m3,考前热点与答疑复盘,3,8,16,"[""法律与合规证书"", ""考证通关"", ""模考复盘""]"
legal_certificate_foundation,legal_certificate_foundation_m1,民法刑法框架梳理,1,8,16,"[""法律与合规证书"", ""考证通关"", ""模考复盘""]"
legal_certificate_foundation,legal_certificate_foundation_m2,诉讼法与商经基础,2,10,20,"[""法律与合规证书"", ""考证通关"", ""模考复盘""]"
legal_certificate_foundation,legal_certificate_foundation_m3,客观题入门训练,3,8,16,"[""法律与合规证书"", ""考证通关"", ""模考复盘""]"
legal_certificate_practice,legal_certificate_practice_m1,主观题答题模板训练,1,8,16,"[""法律与合规证书"", ""考证通关"", ""模考复盘""]"
legal_certificate_practice,legal_certificate_practice_m2,案例分析与法条适用,2,10,20,"[""法律与合规证书"", ""考证通关"", ""模考复盘""]"
legal_certificate_practice,legal_certificate_practice_m3,重点部门法专题突破,3,8,16,"[""法律与合规证书"", ""考证通关"", ""模考复盘""]"
low_level_programming_advanced,low_level_programming_advanced_m1,底层组件开发实践,1,8,16,"[""底层与低级语言"", ""项目实践"", ""工程能力""]"
low_level_programming_advanced,low_level_programming_advanced_m2,跨平台适配与工具链,2,10,20,"[""底层与低级语言"", ""项目实践"", ""工程能力""]"
low_level_programming_advanced,low_level_programming_advanced_m3,专项项目与能力复盘,3,12,24,"[""底层与低级语言"", ""项目实践"", ""工程能力""]"
low_level_programming_foundation,low_level_programming_foundation_m1,汇编与机器执行原理,1,8,16,"[""底层与低级语言"", ""项目实践"", ""工程能力""]"
low_level_programming_foundation,low_level_programming_foundation_m2,内存布局与指令基础,2,10,20,"[""底层与低级语言"", ""项目实践"", ""工程能力""]"
low_level_programming_foundation,low_level_programming_foundation_m3,编译链接认知,3,10,20,"[""底层与低级语言"", ""项目实践"", ""工程能力""]"
low_level_programming_practice,low_level_programming_practice_m1,缓存友好与性能分析,1,8,16,"[""底层与低级语言"", ""项目实践"", ""工程能力""]"
low_level_programming_practice,low_level_programming_practice_m2,数据布局与优化策略,2,10,20,"[""底层与低级语言"", ""项目实践"", ""工程能力""]"
low_level_programming_practice,low_level_programming_practice_m3,底层调试与案例拆解,3,12,24,"[""底层与低级语言"", ""项目实践"", ""工程能力""]"
machine_learning_methods_advanced,machine_learning_methods_advanced_m1,集成学习与时序建模,1,8,16,"[""机器学习方法"", ""项目实践"", ""工程能力""]"
machine_learning_methods_advanced,machine_learning_methods_advanced_m2,模型解释性与部署认知,2,10,20,"[""机器学习方法"", ""项目实践"", ""工程能力""]"
machine_learning_methods_advanced,machine_learning_methods_advanced_m3,算法专题提升,3,12,24,"[""机器学习方法"", ""项目实践"", ""工程能力""]"
machine_learning_methods_foundation,machine_learning_methods_foundation_m1,监督学习与特征工程,1,8,16,"[""机器学习方法"", ""项目实践"", ""工程能力""]"
machine_learning_methods_foundation,machine_learning_methods_foundation_m2,模型评估与调参方法,2,8,16,"[""机器学习方法"", ""项目实践"", ""工程能力""]"
machine_learning_methods_foundation,machine_learning_methods_foundation_m3,经典案例训练,3,10,20,"[""机器学习方法"", ""项目实践"", ""工程能力""]"
machine_learning_methods_practice,machine_learning_methods_practice_m1,推荐、分类、回归项目实践,1,8,16,"[""机器学习方法"", ""项目实践"", ""工程能力""]"
machine_learning_methods_practice,machine_learning_methods_practice_m2,数据清洗与训练流程,2,10,20,"[""机器学习方法"", ""项目实践"", ""工程能力""]"
machine_learning_methods_practice,machine_learning_methods_practice_m3,项目复盘与报告输出,3,10,20,"[""机器学习方法"", ""项目实践"", ""工程能力""]"
middle_high_school_chemistry_advanced,middle_high_school_chemistry_advanced_m1,化学平衡与电化学专题,1,8,16,"[""中学化学提升"", ""成长规划"", ""能力提升""]"
middle_high_school_chemistry_advanced,middle_high_school_chemistry_advanced_m2,结构性质综合训练,2,10,20,"[""中学化学提升"", ""成长规划"", ""能力提升""]"
middle_high_school_chemistry_advanced,middle_high_school_chemistry_advanced_m3,高阶题型讲评与拔高,3,8,16,"[""中学化学提升"", ""成长规划"", ""能力提升""]"
middle_high_school_chemistry_foundation,middle_high_school_chemistry_foundation_m1,元素化合物基础巩固,1,6,12,"[""中学化学提升"", ""成长规划"", ""能力提升""]"
middle_high_school_chemistry_foundation,middle_high_school_chemistry_foundation_m2,化学方程式与实验题,2,8,16,"[""中学化学提升"", ""成长规划"", ""能力提升""]"
middle_high_school_chemistry_foundation,middle_high_school_chemistry_foundation_m3,同步练习与纠错,3,6,12,"[""中学化学提升"", ""成长规划"", ""能力提升""]"
middle_high_school_chemistry_practice,middle_high_school_chemistry_practice_m1,高频考点与综合题突破,1,8,16,"[""中学化学提升"", ""成长规划"", ""能力提升""]"
middle_high_school_chemistry_practice,middle_high_school_chemistry_practice_m2,实验探究题讲解,2,8,16,"[""中学化学提升"", ""成长规划"", ""能力提升""]"
middle_high_school_chemistry_practice,middle_high_school_chemistry_practice_m3,模考复盘与提分建议,3,8,16,"[""中学化学提升"", ""成长规划"", ""能力提升""]"
middle_high_school_english_advanced,middle_high_school_english_advanced_m1,长难句分析与高级表达,1,8,16,"[""中学英语提升"", ""成长规划"", ""能力提升""]"
middle_high_school_english_advanced,middle_high_school_english_advanced_m2,阅读策略与写作升级,2,10,20,"[""中学英语提升"", ""成长规划"", ""能力提升""]"
middle_high_school_english_advanced,middle_high_school_english_advanced_m3,综合卷实战与复盘,3,8,16,"[""中学英语提升"", ""成长规划"", ""能力提升""]"
middle_high_school_english_foundation,middle_high_school_english_foundation_m1,核心词汇与语法巩固,1,6,12,"[""中学英语提升"", ""成长规划"", ""能力提升""]"
middle_high_school_english_foundation,middle_high_school_english_foundation_m2,阅读理解基础训练,2,8,16,"[""中学英语提升"", ""成长规划"", ""能力提升""]"
middle_high_school_english_foundation,middle_high_school_english_foundation_m3,写作表达与同步纠错,3,6,12,"[""中学英语提升"", ""成长规划"", ""能力提升""]"
middle_high_school_english_practice,middle_high_school_english_practice_m1,听力完形阅读提分,1,8,16,"[""中学英语提升"", ""成长规划"", ""能力提升""]"
middle_high_school_english_practice,middle_high_school_english_practice_m2,写作模板与真题训练,2,8,16,"[""中学英语提升"", ""成长规划"", ""能力提升""]"
middle_high_school_english_practice,middle_high_school_english_practice_m3,模考讲评与错题回炉,3,8,16,"[""中学英语提升"", ""成长规划"", ""能力提升""]"
middle_high_school_informatics_advanced,middle_high_school_informatics_advanced_m1,竞赛规则与刷题方法,1,8,16,"[""信息学与编程启蒙"", ""成长规划"", ""能力提升""]"
middle_high_school_informatics_advanced,middle_high_school_informatics_advanced_m2,基础算法与程序设计,2,10,20,"[""信息学与编程启蒙"", ""成长规划"", ""能力提升""]"
middle_high_school_informatics_advanced,middle_high_school_informatics_advanced_m3,赛前训练与讲评复盘,3,8,16,"[""信息学与编程启蒙"", ""成长规划"", ""能力提升""]"
middle_high_school_informatics_foundation,middle_high_school_informatics_foundation_m1,计算思维与信息工具认知,1,6,12,"[""信息学与编程启蒙"", ""成长规划"", ""能力提升""]"
middle_high_school_informatics_foundation,middle_high_school_informatics_foundation_m2,图形化编程与任务实践,2,8,16,"[""信息学与编程启蒙"", ""成长规划"", ""能力提升""]"
middle_high_school_informatics_foundation,middle_high_school_informatics_foundation_m3,项目式学习入门,3,6,12,"[""信息学与编程启蒙"", ""成长规划"", ""能力提升""]"
middle_high_school_informatics_practice,middle_high_school_informatics_practice_m1,流程控制与基础算法,1,8,16,"[""信息学与编程启蒙"", ""成长规划"", ""能力提升""]"
middle_high_school_informatics_practice,middle_high_school_informatics_practice_m2,编程表达与小项目开发,2,8,16,"[""信息学与编程启蒙"", ""成长规划"", ""能力提升""]"
middle_high_school_informatics_practice,middle_high_school_informatics_practice_m3,信息素养综合应用,3,8,16,"[""信息学与编程启蒙"", ""成长规划"", ""能力提升""]"
middle_high_school_math_advanced,middle_high_school_math_advanced_m1,函数导数与解析几何,1,8,16,"[""中学数学提升"", ""成长规划"", ""能力提升""]"
middle_high_school_math_advanced,middle_high_school_math_advanced_m2,数列概率专题提升,2,10,20,"[""中学数学提升"", ""成长规划"", ""能力提升""]"
middle_high_school_math_advanced,middle_high_school_math_advanced_m3,综合卷讲评与能力拔高,3,8,16,"[""中学数学提升"", ""成长规划"", ""能力提升""]"
middle_high_school_math_foundation,middle_high_school_math_foundation_m1,代数与函数基础巩固,1,6,12,"[""中学数学提升"", ""成长规划"", ""能力提升""]"
middle_high_school_math_foundation,middle_high_school_math_foundation_m2,几何证明方法训练,2,8,16,"[""中学数学提升"", ""成长规划"", ""能力提升""]"
middle_high_school_math_foundation,middle_high_school_math_foundation_m3,同步作业讲评与纠错,3,6,12,"[""中学数学提升"", ""成长规划"", ""能力提升""]"
middle_high_school_math_practice,middle_high_school_math_practice_m1,高频题型分类突破,1,8,16,"[""中学数学提升"", ""成长规划"", ""能力提升""]"
middle_high_school_math_practice,middle_high_school_math_practice_m2,压轴题思路拆解,2,8,16,"[""中学数学提升"", ""成长规划"", ""能力提升""]"
middle_high_school_math_practice,middle_high_school_math_practice_m3,模考训练与提分复盘,3,8,16,"[""中学数学提升"", ""成长规划"", ""能力提升""]"
middle_high_school_physics_advanced,middle_high_school_physics_advanced_m1,力学难题与电磁专题,1,8,16,"[""中学物理提升"", ""成长规划"", ""能力提升""]"
middle_high_school_physics_advanced,middle_high_school_physics_advanced_m2,图像综合与模型迁移,2,10,20,"[""中学物理提升"", ""成长规划"", ""能力提升""]"
middle_high_school_physics_advanced,middle_high_school_physics_advanced_m3,高阶题型讲评与拔高,3,8,16,"[""中学物理提升"", ""成长规划"", ""能力提升""]"
middle_high_school_physics_foundation,middle_high_school_physics_foundation_m1,力学电学基础梳理,1,6,12,"[""中学物理提升"", ""成长规划"", ""能力提升""]"
middle_high_school_physics_foundation,middle_high_school_physics_foundation_m2,实验题入门训练,2,8,16,"[""中学物理提升"", ""成长规划"", ""能力提升""]"
middle_high_school_physics_foundation,middle_high_school_physics_foundation_m3,同步练习与纠错,3,6,12,"[""中学物理提升"", ""成长规划"", ""能力提升""]"
middle_high_school_physics_practice,middle_high_school_physics_practice_m1,高频模型与综合题突破,1,8,16,"[""中学物理提升"", ""成长规划"", ""能力提升""]"
middle_high_school_physics_practice,middle_high_school_physics_practice_m2,实验探究与步骤表达,2,8,16,"[""中学物理提升"", ""成长规划"", ""能力提升""]"
middle_high_school_physics_practice,middle_high_school_physics_practice_m3,模考训练与复盘,3,8,16,"[""中学物理提升"", ""成长规划"", ""能力提升""]"
modeling_and_simulation_advanced,modeling_and_simulation_advanced_m1,动态系统与仿真方法,1,8,16,"[""建模与仿真"", ""建模分析"", ""应用实践""]"
modeling_and_simulation_advanced,modeling_and_simulation_advanced_m2,复杂场景建模项目,2,10,20,"[""建模与仿真"", ""建模分析"", ""应用实践""]"
modeling_and_simulation_advanced,modeling_and_simulation_advanced_m3,综合案例复盘与答辩,3,10,20,"[""建模与仿真"", ""建模分析"", ""应用实践""]"
modeling_and_simulation_foundation,modeling_and_simulation_foundation_m1,常见建模问题识别,1,6,12,"[""建模与仿真"", ""建模分析"", ""应用实践""]"
modeling_and_simulation_foundation,modeling_and_simulation_foundation_m2,建模流程与论文结构,2,8,16,"[""建模与仿真"", ""建模分析"", ""应用实践""]"
modeling_and_simulation_foundation,modeling_and_simulation_foundation_m3,入门案例演练,3,8,16,"[""建模与仿真"", ""建模分析"", ""应用实践""]"
modeling_and_simulation_practice,modeling_and_simulation_practice_m1,竞赛题型拆解与方法选择,1,8,16,"[""建模与仿真"", ""建模分析"", ""应用实践""]"
modeling_and_simulation_practice,modeling_and_simulation_practice_m2,数据处理与结果解释,2,8,16,"[""建模与仿真"", ""建模分析"", ""应用实践""]"
modeling_and_simulation_practice,modeling_and_simulation_practice_m3,建模论文写作训练,3,10,20,"[""建模与仿真"", ""建模分析"", ""应用实践""]"
modern_algebra_advanced,modern_algebra_advanced_m1,交换代数与表示论导论,1,8,16,"[""现代代数理论"", ""理论进阶"", ""证明训练""]"
modern_algebra_advanced,modern_algebra_advanced_m2,专题证明与结构理解,2,10,20,"[""现代代数理论"", ""理论进阶"", ""证明训练""]"
modern_algebra_advanced,modern_algebra_advanced_m3,理论复盘与提升,3,10,20,"[""现代代数理论"", ""理论进阶"", ""证明训练""]"
modern_algebra_foundation,modern_algebra_foundation_m1,群论基础与同态,1,6,12,"[""现代代数理论"", ""理论进阶"", ""证明训练""]"
modern_algebra_foundation,modern_algebra_foundation_m2,环与域基本结构,2,8,16,"[""现代代数理论"", ""理论进阶"", ""证明训练""]"
modern_algebra_foundation,modern_algebra_foundation_m3,基础证明训练,3,8,16,"[""现代代数理论"", ""理论进阶"", ""证明训练""]"
modern_algebra_practice,modern_algebra_practice_m1,模、理想与商结构,1,8,16,"[""现代代数理论"", ""理论进阶"", ""证明训练""]"
modern_algebra_practice,modern_algebra_practice_m2,Galois理论初步,2,8,16,"[""现代代数理论"", ""理论进阶"", ""证明训练""]"
modern_algebra_practice,modern_algebra_practice_m3,典型习题与方法归纳,3,10,20,"[""现代代数理论"", ""理论进阶"", ""证明训练""]"
modern_analysis_advanced,modern_analysis_advanced_m1,Banach与Hilbert空间,1,8,16,"[""现代分析理论"", ""理论进阶"", ""证明训练""]"
modern_analysis_advanced,modern_analysis_advanced_m2,算子与泛函分析基础,2,10,20,"[""现代分析理论"", ""理论进阶"", ""证明训练""]"
modern_analysis_advanced,modern_analysis_advanced_m3,理论专题复盘,3,10,20,"[""现代分析理论"", ""理论进阶"", ""证明训练""]"
modern_analysis_foundation,modern_analysis_foundation_m1,测度与Lebesgue积分入门,1,6,12,"[""现代分析理论"", ""理论进阶"", ""证明训练""]"
modern_analysis_foundation,modern_analysis_foundation_m2,收敛与可测函数基础,2,8,16,"[""现代分析理论"", ""理论进阶"", ""证明训练""]"
modern_analysis_foundation,modern_analysis_foundation_m3,理论例题训练,3,8,16,"[""现代分析理论"", ""理论进阶"", ""证明训练""]"
modern_analysis_practice,modern_analysis_practice_m1,Lp空间与收敛定理,1,8,16,"[""现代分析理论"", ""理论进阶"", ""证明训练""]"
modern_analysis_practice,modern_analysis_practice_m2,实分析证明训练,2,8,16,"[""现代分析理论"", ""理论进阶"", ""证明训练""]"
modern_analysis_practice,modern_analysis_practice_m3,专题习题讲评,3,10,20,"[""现代分析理论"", ""理论进阶"", ""证明训练""]"
network_and_communication_systems_advanced,network_and_communication_systems_advanced_m1,高可用网络架构,1,8,16,"[""网络与通信系统"", ""系统设计"", ""性能优化""]"
network_and_communication_systems_advanced,network_and_communication_systems_advanced_m2,安全加固与性能优化,2,10,20,"[""网络与通信系统"", ""系统设计"", ""性能优化""]"
network_and_communication_systems_advanced,network_and_communication_systems_advanced_m3,网络工程项目复盘,3,12,24,"[""网络与通信系统"", ""系统设计"", ""性能优化""]"
network_and_communication_systems_foundation,network_and_communication_systems_foundation_m1,网络分层模型与协议基础,1,8,16,"[""网络与通信系统"", ""系统设计"", ""性能优化""]"
network_and_communication_systems_foundation,network_and_communication_systems_foundation_m2,交换路由与抓包分析,2,10,20,"[""网络与通信系统"", ""系统设计"", ""性能优化""]"
network_and_communication_systems_foundation,network_and_communication_systems_foundation_m3,常见网络故障定位,3,10,20,"[""网络与通信系统"", ""系统设计"", ""性能优化""]"
network_and_communication_systems_practice,network_and_communication_systems_practice_m1,TCP/IP与应用层协议实战,1,8,16,"[""网络与通信系统"", ""系统设计"", ""性能优化""]"
network_and_communication_systems_practice,network_and_communication_systems_practice_m2,Socket通信与调试,2,10,20,"[""网络与通信系统"", ""系统设计"", ""性能优化""]"
network_and_communication_systems_practice,network_and_communication_systems_practice_m3,网络场景案例演练,3,12,24,"[""网络与通信系统"", ""系统设计"", ""性能优化""]"
new_employee_training_advanced,new_employee_training_advanced_m1,跨部门协作与角色升级,1,8,16,"[""新员工培训"", ""岗位融入"", ""上岗训练""]"
new_employee_training_advanced,new_employee_training_advanced_m2,高潜新人成长计划,2,8,16,"[""新员工培训"", ""岗位融入"", ""上岗训练""]"
new_employee_training_advanced,new_employee_training_advanced_m3,转正答辩与复盘辅导,3,10,20,"[""新员工培训"", ""岗位融入"", ""上岗训练""]"
new_employee_training_foundation,new_employee_training_foundation_m1,企业文化与组织认知,1,6,12,"[""新员工培训"", ""岗位融入"", ""上岗训练""]"
new_employee_training_foundation,new_employee_training_foundation_m2,岗位职责与协作流程,2,8,16,"[""新员工培训"", ""岗位融入"", ""上岗训练""]"
new_employee_training_foundation,new_employee_training_foundation_m3,职场基础规范与沟通,3,8,16,"[""新员工培训"", ""岗位融入"", ""上岗训练""]"
new_employee_training_practice,new_employee_training_practice_m1,常见工作任务拆解,1,8,16,"[""新员工培训"", ""岗位融入"", ""上岗训练""]"
new_employee_training_practice,new_employee_training_practice_m2,日报周报与汇报训练,2,8,16,"[""新员工培训"", ""岗位融入"", ""上岗训练""]"
new_employee_training_practice,new_employee_training_practice_m3,试用期目标管理与反馈,3,8,16,"[""新员工培训"", ""岗位融入"", ""上岗训练""]"
numerical_and_computational_methods_advanced,numerical_and_computational_methods_advanced_m1,偏微分方程数值方法,1,8,16,"[""数值与计算方法"", ""建模分析"", ""应用实践""]"
numerical_and_computational_methods_advanced,numerical_and_computational_methods_advanced_m2,稳定性与收敛性分析,2,10,20,"[""数值与计算方法"", ""建模分析"", ""应用实践""]"
numerical_and_computational_methods_advanced,numerical_and_computational_methods_advanced_m3,科学计算项目复盘,3,10,20,"[""数值与计算方法"", ""建模分析"", ""应用实践""]"
numerical_and_computational_methods_foundation,numerical_and_computational_methods_foundation_m1,误差分析与插值基础,1,6,12,"[""数值与计算方法"", ""建模分析"", ""应用实践""]"
numerical_and_computational_methods_foundation,numerical_and_computational_methods_foundation_m2,线性方程组数值解法,2,8,16,"[""数值与计算方法"", ""建模分析"", ""应用实践""]"
numerical_and_computational_methods_foundation,numerical_and_computational_methods_foundation_m3,手算与程序验证,3,8,16,"[""数值与计算方法"", ""建模分析"", ""应用实践""]"
numerical_and_computational_methods_practice,numerical_and_computational_methods_practice_m1,非线性方程与积分数值法,1,8,16,"[""数值与计算方法"", ""建模分析"", ""应用实践""]"
numerical_and_computational_methods_practice,numerical_and_computational_methods_practice_m2,矩阵分解与迭代法,2,8,16,"[""数值与计算方法"", ""建模分析"", ""应用实践""]"
numerical_and_computational_methods_practice,numerical_and_computational_methods_practice_m3,数值实验编程实践,3,10,20,"[""数值与计算方法"", ""建模分析"", ""应用实践""]"
operating_and_runtime_systems_advanced,operating_and_runtime_systems_advanced_m1,运行时机制与垃圾回收,1,8,16,"[""操作系统与运行时"", ""系统设计"", ""性能优化""]"
operating_and_runtime_systems_advanced,operating_and_runtime_systems_advanced_m2,内核性能分析与调优,2,10,20,"[""操作系统与运行时"", ""系统设计"", ""性能优化""]"
operating_and_runtime_systems_advanced,operating_and_runtime_systems_advanced_m3,专题项目与面试提升,3,12,24,"[""操作系统与运行时"", ""系统设计"", ""性能优化""]"
operating_and_runtime_systems_foundation,operating_and_runtime_systems_foundation_m1,进程线程与调度原理,1,8,16,"[""操作系统与运行时"", ""系统设计"", ""性能优化""]"
operating_and_runtime_systems_foundation,operating_and_runtime_systems_foundation_m2,内存管理与文件系统,2,10,20,"[""操作系统与运行时"", ""系统设计"", ""性能优化""]"
operating_and_runtime_systems_foundation,operating_and_runtime_systems_foundation_m3,操作系统实验入门,3,10,20,"[""操作系统与运行时"", ""系统设计"", ""性能优化""]"
operating_and_runtime_systems_practice,operating_and_runtime_systems_practice_m1,并发同步与死锁分析,1,8,16,"[""操作系统与运行时"", ""系统设计"", ""性能优化""]"
operating_and_runtime_systems_practice,operating_and_runtime_systems_practice_m2,中断、IO与系统调用,2,10,20,"[""操作系统与运行时"", ""系统设计"", ""性能优化""]"
operating_and_runtime_systems_practice,operating_and_runtime_systems_practice_m3,核心实验与代码阅读,3,12,24,"[""操作系统与运行时"", ""系统设计"", ""性能优化""]"
operations_research_advanced,operations_research_advanced_m1,多目标决策与启发式算法,1,8,16,"[""运筹优化"", ""建模分析"", ""应用实践""]"
operations_research_advanced,operations_research_advanced_m2,复杂优化问题拆解,2,10,20,"[""运筹优化"", ""建模分析"", ""应用实践""]"
operations_research_advanced,operations_research_advanced_m3,综合项目复盘,3,10,20,"[""运筹优化"", ""建模分析"", ""应用实践""]"
operations_research_foundation,operations_research_foundation_m1,线性规划与单纯形法,1,6,12,"[""运筹优化"", ""建模分析"", ""应用实践""]"
operations_research_foundation,operations_research_foundation_m2,运输与指派问题,2,8,16,"[""运筹优化"", ""建模分析"", ""应用实践""]"
operations_research_foundation,operations_research_foundation_m3,基础建模训练,3,8,16,"[""运筹优化"", ""建模分析"", ""应用实践""]"
operations_research_practice,operations_research_practice_m1,整数规划与动态规划,1,8,16,"[""运筹优化"", ""建模分析"", ""应用实践""]"
operations_research_practice,operations_research_practice_m2,排队论与库存模型,2,8,16,"[""运筹优化"", ""建模分析"", ""应用实践""]"
operations_research_practice,operations_research_practice_m3,企业案例建模实践,3,10,20,"[""运筹优化"", ""建模分析"", ""应用实践""]"
organizational_change_advanced,organizational_change_advanced_m1,组织升级案例拆解,1,8,16,"[""组织变革"", ""管理场景"", ""组织协同""]"
organizational_change_advanced,organizational_change_advanced_m2,文化共识与管理动作设计,2,8,16,"[""组织变革"", ""管理场景"", ""组织协同""]"
organizational_change_advanced,organizational_change_advanced_m3,变革复盘与长期机制建设,3,10,20,"[""组织变革"", ""管理场景"", ""组织协同""]"
organizational_change_foundation,organizational_change_foundation_m1,组织变革常见场景认知,1,6,12,"[""组织变革"", ""管理场景"", ""组织协同""]"
organizational_change_foundation,organizational_change_foundation_m2,变革阻力识别与沟通,2,8,16,"[""组织变革"", ""管理场景"", ""组织协同""]"
organizational_change_foundation,organizational_change_foundation_m3,试点方案设计基础,3,8,16,"[""组织变革"", ""管理场景"", ""组织协同""]"
organizational_change_practice,organizational_change_practice_m1,流程重塑与岗位协同,1,8,16,"[""组织变革"", ""管理场景"", ""组织协同""]"
organizational_change_practice,organizational_change_practice_m2,变革项目推进与节奏控制,2,8,16,"[""组织变革"", ""管理场景"", ""组织协同""]"
organizational_change_practice,organizational_change_practice_m3,关键利益相关方管理,3,10,20,"[""组织变革"", ""管理场景"", ""组织协同""]"
police_auxiliary_exam_advanced,police_auxiliary_exam_advanced_m1,笔面一体冲刺串讲,1,8,16,"[""警务辅警招录"", ""题型技巧"", ""模考复盘""]"
police_auxiliary_exam_advanced,police_auxiliary_exam_advanced_m2,高频考点复盘,2,10,20,"[""警务辅警招录"", ""题型技巧"", ""模考复盘""]"
police_auxiliary_exam_advanced,police_auxiliary_exam_advanced_m3,模考演练与查漏补缺,3,8,16,"[""警务辅警招录"", ""题型技巧"", ""模考复盘""]"
police_auxiliary_exam_foundation,police_auxiliary_exam_foundation_m1,公共基础与法律常识,1,8,16,"[""警务辅警招录"", ""题型技巧"", ""模考复盘""]"
police_auxiliary_exam_foundation,police_auxiliary_exam_foundation_m2,行政职业能力基础训练,2,10,20,"[""警务辅警招录"", ""题型技巧"", ""模考复盘""]"
police_auxiliary_exam_foundation,police_auxiliary_exam_foundation_m3,阶段模拟与节奏规划,3,8,16,"[""警务辅警招录"", ""题型技巧"", ""模考复盘""]"
police_auxiliary_exam_practice,police_auxiliary_exam_practice_m1,体能测评标准与训练,1,8,16,"[""警务辅警招录"", ""题型技巧"", ""模考复盘""]"
police_auxiliary_exam_practice,police_auxiliary_exam_practice_m2,面试问答与仪态规范,2,10,20,"[""警务辅警招录"", ""题型技巧"", ""模考复盘""]"
police_auxiliary_exam_practice,police_auxiliary_exam_practice_m3,综合素质题目实战,3,8,16,"[""警务辅警招录"", ""题型技巧"", ""模考复盘""]"
postgraduate_english_advanced,postgraduate_english_advanced_m1,冲刺押题与作文热点,1,8,16,"[""考研英语"", ""真题训练"", ""提分规划""]"
postgraduate_english_advanced,postgraduate_english_advanced_m2,套卷模考与时间管理,2,10,20,"[""考研英语"", ""真题训练"", ""提分规划""]"
postgraduate_english_advanced,postgraduate_english_advanced_m3,考前答疑与临场策略,3,8,16,"[""考研英语"", ""真题训练"", ""提分规划""]"
postgraduate_english_foundation,postgraduate_english_foundation_m1,核心词汇与语法长难句,1,8,16,"[""考研英语"", ""真题训练"", ""提分规划""]"
postgraduate_english_foundation,postgraduate_english_foundation_m2,阅读理解方法入门,2,10,20,"[""考研英语"", ""真题训练"", ""提分规划""]"
postgraduate_english_foundation,postgraduate_english_foundation_m3,翻译与写作基础训练,3,8,16,"[""考研英语"", ""真题训练"", ""提分规划""]"
postgraduate_english_practice,postgraduate_english_practice_m1,阅读题型精讲与定位技巧,1,8,16,"[""考研英语"", ""真题训练"", ""提分规划""]"
postgraduate_english_practice,postgraduate_english_practice_m2,大小作文模板与批改,2,10,20,"[""考研英语"", ""真题训练"", ""提分规划""]"
postgraduate_english_practice,postgraduate_english_practice_m3,历年真题精练与复盘,3,8,16,"[""考研英语"", ""真题训练"", ""提分规划""]"
postgraduate_math_advanced,postgraduate_math_advanced_m1,全真模考与时间分配,1,8,16,"[""考研数学"", ""真题训练"", ""提分规划""]"
postgraduate_math_advanced,postgraduate_math_advanced_m2,易错点复盘与押题训练,2,10,20,"[""考研数学"", ""真题训练"", ""提分规划""]"
postgraduate_math_advanced,postgraduate_math_advanced_m3,考前串讲与状态调整,3,8,16,"[""考研数学"", ""真题训练"", ""提分规划""]"
postgraduate_math_foundation,postgraduate_math_foundation_m1,高等数学基础重建,1,8,16,"[""考研数学"", ""真题训练"", ""提分规划""]"
postgraduate_math_foundation,postgraduate_math_foundation_m2,线性代数核心专题,2,10,20,"[""考研数学"", ""真题训练"", ""提分规划""]"
postgraduate_math_foundation,postgraduate_math_foundation_m3,概率统计与基础题型,3,8,16,"[""考研数学"", ""真题训练"", ""提分规划""]"
postgraduate_math_practice,postgraduate_math_practice_m1,高频题型拆解与方法归纳,1,8,16,"[""考研数学"", ""真题训练"", ""提分规划""]"
postgraduate_math_practice,postgraduate_math_practice_m2,真题分层刷题与纠错,2,10,20,"[""考研数学"", ""真题训练"", ""提分规划""]"
postgraduate_math_practice,postgraduate_math_practice_m3,重难点专题突破,3,8,16,"[""考研数学"", ""真题训练"", ""提分规划""]"
postgraduate_politics_advanced,postgraduate_politics_advanced_m1,主观题背诵模板,1,8,16,"[""考研政治"", ""真题训练"", ""提分规划""]"
postgraduate_politics_advanced,postgraduate_politics_advanced_m2,热点押题与答题组织,2,10,20,"[""考研政治"", ""真题训练"", ""提分规划""]"
postgraduate_politics_advanced,postgraduate_politics_advanced_m3,冲刺模考与复盘串讲,3,8,16,"[""考研政治"", ""真题训练"", ""提分规划""]"
postgraduate_politics_foundation,postgraduate_politics_foundation_m1,马原与史纲知识框架,1,8,16,"[""考研政治"", ""真题训练"", ""提分规划""]"
postgraduate_politics_foundation,postgraduate_politics_foundation_m2,毛中特与思修法基梳理,2,10,20,"[""考研政治"", ""真题训练"", ""提分规划""]"
postgraduate_politics_foundation,postgraduate_politics_foundation_m3,时政热点与基础训练,3,8,16,"[""考研政治"", ""真题训练"", ""提分规划""]"
postgraduate_politics_practice,postgraduate_politics_practice_m1,选择题高频考点串讲,1,8,16,"[""考研政治"", ""真题训练"", ""提分规划""]"
postgraduate_politics_practice,postgraduate_politics_practice_m2,题干陷阱与解题路径,2,10,20,"[""考研政治"", ""真题训练"", ""提分规划""]"
postgraduate_politics_practice,postgraduate_politics_practice_m3,真题演练与错题归因,3,8,16,"[""考研政治"", ""真题训练"", ""提分规划""]"
postgraduate_retest_advanced,postgraduate_retest_advanced_m1,调剂策略与信息收集,1,8,16,"[""复试与调剂"", ""真题训练"", ""提分规划""]"
postgraduate_retest_advanced,postgraduate_retest_advanced_m2,一对一冲刺问答,2,10,20,"[""复试与调剂"", ""真题训练"", ""提分规划""]"
postgraduate_retest_advanced,postgraduate_retest_advanced_m3,复试礼仪与最终演练,3,8,16,"[""复试与调剂"", ""真题训练"", ""提分规划""]"
postgraduate_retest_foundation,postgraduate_retest_foundation_m1,复试流程与材料准备,1,8,16,"[""复试与调剂"", ""真题训练"", ""提分规划""]"
postgraduate_retest_foundation,postgraduate_retest_foundation_m2,英语口语与自我介绍,2,10,20,"[""复试与调剂"", ""真题训练"", ""提分规划""]"
postgraduate_retest_foundation,postgraduate_retest_foundation_m3,专业问答基础训练,3,8,16,"[""复试与调剂"", ""真题训练"", ""提分规划""]"
postgraduate_retest_practice,postgraduate_retest_practice_m1,结构化表达与临场应对,1,8,16,"[""复试与调剂"", ""真题训练"", ""提分规划""]"
postgraduate_retest_practice,postgraduate_retest_practice_m2,导师问答与压力面试,2,10,20,"[""复试与调剂"", ""真题训练"", ""提分规划""]"
postgraduate_retest_practice,postgraduate_retest_practice_m3,模拟面试与录像复盘,3,8,16,"[""复试与调剂"", ""真题训练"", ""提分规划""]"
postgraduate_specialized_advanced,postgraduate_specialized_advanced_m1,热点专题补漏,1,8,16,"[""考研专业课"", ""真题训练"", ""提分规划""]"
postgraduate_specialized_advanced,postgraduate_specialized_advanced_m2,模拟卷讲评与提分策略,2,10,20,"[""考研专业课"", ""真题训练"", ""提分规划""]"
postgraduate_specialized_advanced,postgraduate_specialized_advanced_m3,考前冲刺与复盘,3,8,16,"[""考研专业课"", ""真题训练"", ""提分规划""]"
postgraduate_specialized_foundation,postgraduate_specialized_foundation_m1,专业课知识框架搭建,1,8,16,"[""考研专业课"", ""真题训练"", ""提分规划""]"
postgraduate_specialized_foundation,postgraduate_specialized_foundation_m2,核心教材精读与笔记,2,10,20,"[""考研专业课"", ""真题训练"", ""提分规划""]"
postgraduate_specialized_foundation,postgraduate_specialized_foundation_m3,基础题型训练,3,8,16,"[""考研专业课"", ""真题训练"", ""提分规划""]"
postgraduate_specialized_practice,postgraduate_specialized_practice_m1,目标院校真题体系拆解,1,8,16,"[""考研专业课"", ""真题训练"", ""提分规划""]"
postgraduate_specialized_practice,postgraduate_specialized_practice_m2,高频章节重点突破,2,10,20,"[""考研专业课"", ""真题训练"", ""提分规划""]"
postgraduate_specialized_practice,postgraduate_specialized_practice_m3,答题规范与模板训练,3,8,16,"[""考研专业课"", ""真题训练"", ""提分规划""]"
probability_and_statistics_advanced,probability_and_statistics_advanced_m1,随机过程初步,1,8,16,"[""概率与统计方法"", ""建模分析"", ""应用实践""]"
probability_and_statistics_advanced,probability_and_statistics_advanced_m2,贝叶斯视角与推断,2,10,20,"[""概率与统计方法"", ""建模分析"", ""应用实践""]"
probability_and_statistics_advanced,probability_and_statistics_advanced_m3,综合建模训练,3,10,20,"[""概率与统计方法"", ""建模分析"", ""应用实践""]"
probability_and_statistics_foundation,probability_and_statistics_foundation_m1,随机事件与分布基础,1,6,12,"[""概率与统计方法"", ""建模分析"", ""应用实践""]"
probability_and_statistics_foundation,probability_and_statistics_foundation_m2,抽样与估计方法,2,8,16,"[""概率与统计方法"", ""建模分析"", ""应用实践""]"
probability_and_statistics_foundation,probability_and_statistics_foundation_m3,基础应用题训练,3,8,16,"[""概率与统计方法"", ""建模分析"", ""应用实践""]"
probability_and_statistics_practice,probability_and_statistics_practice_m1,回归分析与假设检验,1,8,16,"[""概率与统计方法"", ""建模分析"", ""应用实践""]"
probability_and_statistics_practice,probability_and_statistics_practice_m2,数据实验设计,2,8,16,"[""概率与统计方法"", ""建模分析"", ""应用实践""]"
probability_and_statistics_practice,probability_and_statistics_practice_m3,统计软件与案例实践,3,10,20,"[""概率与统计方法"", ""建模分析"", ""应用实践""]"
project_management_advanced,project_management_advanced_m1,交付验收与客户沟通,1,8,16,"[""项目管理"", ""管理场景"", ""组织协同""]"
project_management_advanced,project_management_advanced_m2,复盘沉淀与模板建设,2,8,16,"[""项目管理"", ""管理场景"", ""组织协同""]"
project_management_advanced,project_management_advanced_m3,复杂项目案例推演,3,10,20,"[""项目管理"", ""管理场景"", ""组织协同""]"
project_management_foundation,project_management_foundation_m1,项目角色认知与范围梳理,1,6,12,"[""项目管理"", ""管理场景"", ""组织协同""]"
project_management_foundation,project_management_foundation_m2,计划排期与里程碑设计,2,8,16,"[""项目管理"", ""管理场景"", ""组织协同""]"
project_management_foundation,project_management_foundation_m3,风险清单与沟通机制,3,8,16,"[""项目管理"", ""管理场景"", ""组织协同""]"
project_management_practice,project_management_practice_m1,资源协调与跨部门推进,1,8,16,"[""项目管理"", ""管理场景"", ""组织协同""]"
project_management_practice,project_management_practice_m2,变更控制与周会管理,2,8,16,"[""项目管理"", ""管理场景"", ""组织协同""]"
project_management_practice,project_management_practice_m3,进度偏差处理与汇报,3,10,20,"[""项目管理"", ""管理场景"", ""组织协同""]"
proof_and_logic_advanced,proof_and_logic_advanced_m1,证明写作规范与表达,1,8,16,"[""数学证明与逻辑"", ""解题训练"", ""能力提升""]"
proof_and_logic_advanced,proof_and_logic_advanced_m2,综合证明专题,2,10,20,"[""数学证明与逻辑"", ""解题训练"", ""能力提升""]"
proof_and_logic_advanced,proof_and_logic_advanced_m3,阶段测评与复盘,3,10,20,"[""数学证明与逻辑"", ""解题训练"", ""能力提升""]"
proof_and_logic_foundation,proof_and_logic_foundation_m1,命题逻辑与集合关系,1,6,12,"[""数学证明与逻辑"", ""解题训练"", ""能力提升""]"
proof_and_logic_foundation,proof_and_logic_foundation_m2,证明语言与基本方法,2,8,16,"[""数学证明与逻辑"", ""解题训练"", ""能力提升""]"
proof_and_logic_foundation,proof_and_logic_foundation_m3,入门题型训练,3,8,16,"[""数学证明与逻辑"", ""解题训练"", ""能力提升""]"
proof_and_logic_practice,proof_and_logic_practice_m1,反证法、归纳法与构造法,1,8,16,"[""数学证明与逻辑"", ""解题训练"", ""能力提升""]"
proof_and_logic_practice,proof_and_logic_practice_m2,逻辑推理链条训练,2,8,16,"[""数学证明与逻辑"", ""解题训练"", ""能力提升""]"
proof_and_logic_practice,proof_and_logic_practice_m3,典型证明题拆解,3,10,20,"[""数学证明与逻辑"", ""解题训练"", ""能力提升""]"
public_institution_exam_advanced,public_institution_exam_advanced_m1,结构化面试表达训练,1,8,16,"[""事业单位考试"", ""题型技巧"", ""模考复盘""]"
public_institution_exam_advanced,public_institution_exam_advanced_m2,热点题目模拟答辩,2,10,20,"[""事业单位考试"", ""题型技巧"", ""模考复盘""]"
public_institution_exam_advanced,public_institution_exam_advanced_m3,考前模考与押题复盘,3,8,16,"[""事业单位考试"", ""题型技巧"", ""模考复盘""]"
public_institution_exam_foundation,public_institution_exam_foundation_m1,公基与职测基础梳理,1,8,16,"[""事业单位考试"", ""题型技巧"", ""模考复盘""]"
public_institution_exam_foundation,public_institution_exam_foundation_m2,综应题型认知与方法,2,10,20,"[""事业单位考试"", ""题型技巧"", ""模考复盘""]"
public_institution_exam_foundation,public_institution_exam_foundation_m3,阶段练习与进度规划,3,8,16,"[""事业单位考试"", ""题型技巧"", ""模考复盘""]"
public_institution_exam_practice,public_institution_exam_practice_m1,职测高频题型突破,1,8,16,"[""事业单位考试"", ""题型技巧"", ""模考复盘""]"
public_institution_exam_practice,public_institution_exam_practice_m2,综应材料分析与写作,2,10,20,"[""事业单位考试"", ""题型技巧"", ""模考复盘""]"
public_institution_exam_practice,public_institution_exam_practice_m3,历年真题精练与讲评,3,8,16,"[""事业单位考试"", ""题型技巧"", ""模考复盘""]"
real_time_rendering_advanced,real_time_rendering_advanced_m1,GPU瓶颈分析与优化,1,8,16,"[""实时渲染"", ""图形交互"", ""项目实战""]"
real_time_rendering_advanced,real_time_rendering_advanced_m2,渲染调度与多平台适配,2,10,20,"[""实时渲染"", ""图形交互"", ""项目实战""]"
real_time_rendering_advanced,real_time_rendering_advanced_m3,综合优化案例复盘,3,12,24,"[""实时渲染"", ""图形交互"", ""项目实战""]"
real_time_rendering_foundation,real_time_rendering_foundation_m1,实时光照与阴影基础,1,8,16,"[""实时渲染"", ""图形交互"", ""项目实战""]"
real_time_rendering_foundation,real_time_rendering_foundation_m2,PBR与后处理认知,2,8,16,"[""实时渲染"", ""图形交互"", ""项目实战""]"
real_time_rendering_foundation,real_time_rendering_foundation_m3,入门效果实践,3,10,20,"[""实时渲染"", ""图形交互"", ""项目实战""]"
real_time_rendering_practice,real_time_rendering_practice_m1,高质量渲染效果实现,1,8,16,"[""实时渲染"", ""图形交互"", ""项目实战""]"
real_time_rendering_practice,real_time_rendering_practice_m2,帧率稳定与性能监控,2,10,20,"[""实时渲染"", ""图形交互"", ""项目实战""]"
real_time_rendering_practice,real_time_rendering_practice_m3,引擎项目效果调试,3,10,20,"[""实时渲染"", ""图形交互"", ""项目实战""]"
sales_training_advanced,sales_training_advanced_m1,大客户关系经营,1,8,16,"[""销售培训"", ""成交转化"", ""客户经营""]"
sales_training_advanced,sales_training_advanced_m2,关键节点博弈与报价策略,2,8,16,"[""销售培训"", ""成交转化"", ""客户经营""]"
sales_training_advanced,sales_training_advanced_m3,复购转介绍与案例复盘,3,10,20,"[""销售培训"", ""成交转化"", ""客户经营""]"
sales_training_foundation,sales_training_foundation_m1,客户画像与销售流程认知,1,6,12,"[""销售培训"", ""成交转化"", ""客户经营""]"
sales_training_foundation,sales_training_foundation_m2,需求挖掘与开场沟通,2,8,16,"[""销售培训"", ""成交转化"", ""客户经营""]"
sales_training_foundation,sales_training_foundation_m3,基础话术与跟进训练,3,8,16,"[""销售培训"", ""成交转化"", ""客户经营""]"
sales_training_practice,sales_training_practice_m1,方案呈现与异议处理,1,8,16,"[""销售培训"", ""成交转化"", ""客户经营""]"
sales_training_practice,sales_training_practice_m2,成交推进与谈判技巧,2,8,16,"[""销售培训"", ""成交转化"", ""客户经营""]"
sales_training_practice,sales_training_practice_m3,销售漏斗与过程管理,3,8,16,"[""销售培训"", ""成交转化"", ""客户经营""]"
scripting_and_automation_advanced,scripting_and_automation_advanced_m1,自动化工具封装与发布,1,8,16,"[""脚本与自动化编程"", ""项目实践"", ""工程能力""]"
scripting_and_automation_advanced,scripting_and_automation_advanced_m2,日志监控与异常处理,2,10,20,"[""脚本与自动化编程"", ""项目实践"", ""工程能力""]"
scripting_and_automation_advanced,scripting_and_automation_advanced_m3,项目复盘与效率优化,3,12,24,"[""脚本与自动化编程"", ""项目实践"", ""工程能力""]"
scripting_and_automation_foundation,scripting_and_automation_foundation_m1,脚本语法与环境配置,1,8,16,"[""脚本与自动化编程"", ""项目实践"", ""工程能力""]"
scripting_and_automation_foundation,scripting_and_automation_foundation_m2,文件处理与批量任务,2,10,20,"[""脚本与自动化编程"", ""项目实践"", ""工程能力""]"
scripting_and_automation_foundation,scripting_and_automation_foundation_m3,常见自动化场景练习,3,10,20,"[""脚本与自动化编程"", ""项目实践"", ""工程能力""]"
scripting_and_automation_practice,scripting_and_automation_practice_m1,接口调用与定时任务,1,8,16,"[""脚本与自动化编程"", ""项目实践"", ""工程能力""]"
scripting_and_automation_practice,scripting_and_automation_practice_m2,表格数据处理与报表生成,2,10,20,"[""脚本与自动化编程"", ""项目实践"", ""工程能力""]"
scripting_and_automation_practice,scripting_and_automation_practice_m3,办公运维脚本项目,3,12,24,"[""脚本与自动化编程"", ""项目实践"", ""工程能力""]"
senior_transition_advanced,senior_transition_advanced_m1,关键学科专题突破,1,8,16,"[""高中关键学科衔接"", ""成长规划"", ""能力提升""]"
senior_transition_advanced,senior_transition_advanced_m2,综合应用与拔高训练,2,10,20,"[""高中关键学科衔接"", ""成长规划"", ""能力提升""]"
senior_transition_advanced,senior_transition_advanced_m3,阶段规划与家校沟通建议,3,8,16,"[""高中关键学科衔接"", ""成长规划"", ""能力提升""]"
senior_transition_foundation,senior_transition_foundation_m1,初高中知识差异认知,1,6,12,"[""高中关键学科衔接"", ""成长规划"", ""能力提升""]"
senior_transition_foundation,senior_transition_foundation_m2,学习方法与节奏重建,2,8,16,"[""高中关键学科衔接"", ""成长规划"", ""能力提升""]"
senior_transition_foundation,senior_transition_foundation_m3,核心学科基础补强,3,6,12,"[""高中关键学科衔接"", ""成长规划"", ""能力提升""]"
senior_transition_practice,senior_transition_practice_m1,高一同步难点梳理,1,8,16,"[""高中关键学科衔接"", ""成长规划"", ""能力提升""]"
senior_transition_practice,senior_transition_practice_m2,阶段测评与错题复盘,2,8,16,"[""高中关键学科衔接"", ""成长规划"", ""能力提升""]"
senior_transition_practice,senior_transition_practice_m3,习惯管理与目标跟进,3,8,16,"[""高中关键学科衔接"", ""成长规划"", ""能力提升""]"
service_standard_advanced,service_standard_advanced_m1,体验指标与满意度分析,1,8,16,"[""服务规范"", ""流程优化"", ""客户体验""]"
service_standard_advanced,service_standard_advanced_m2,门店服务案例复盘,2,8,16,"[""服务规范"", ""流程优化"", ""客户体验""]"
service_standard_advanced,service_standard_advanced_m3,持续改进机制设计,3,10,20,"[""服务规范"", ""流程优化"", ""客户体验""]"
service_standard_foundation,service_standard_foundation_m1,服务标准与关键触点识别,1,6,12,"[""服务规范"", ""流程优化"", ""客户体验""]"
service_standard_foundation,service_standard_foundation_m2,服务礼仪与表达规范,2,8,16,"[""服务规范"", ""流程优化"", ""客户体验""]"
service_standard_foundation,service_standard_foundation_m3,基础执行与巡检训练,3,8,16,"[""服务规范"", ""流程优化"", ""客户体验""]"
service_standard_practice,service_standard_practice_m1,流程节点优化与责任交接,1,8,16,"[""服务规范"", ""流程优化"", ""客户体验""]"
service_standard_practice,service_standard_practice_m2,服务异常场景处理,2,8,16,"[""服务规范"", ""流程优化"", ""客户体验""]"
service_standard_practice,service_standard_practice_m3,标准模板与SOP建设,3,8,16,"[""服务规范"", ""流程优化"", ""客户体验""]"
simulation_and_physics_advanced,simulation_and_physics_advanced_m1,复杂仿真系统建模,1,8,16,"[""仿真与物理系统"", ""图形交互"", ""项目实战""]"
simulation_and_physics_advanced,simulation_and_physics_advanced_m2,稳定性与性能优化,2,10,20,"[""仿真与物理系统"", ""图形交互"", ""项目实战""]"
simulation_and_physics_advanced,simulation_and_physics_advanced_m3,仿真项目复盘,3,12,24,"[""仿真与物理系统"", ""图形交互"", ""项目实战""]"
simulation_and_physics_foundation,simulation_and_physics_foundation_m1,数值积分与刚体动力学,1,8,16,"[""仿真与物理系统"", ""图形交互"", ""项目实战""]"
simulation_and_physics_foundation,simulation_and_physics_foundation_m2,碰撞检测与约束基础,2,8,16,"[""仿真与物理系统"", ""图形交互"", ""项目实战""]"
simulation_and_physics_foundation,simulation_and_physics_foundation_m3,入门仿真实验,3,10,20,"[""仿真与物理系统"", ""图形交互"", ""项目实战""]"
simulation_and_physics_practice,simulation_and_physics_practice_m1,粒子系统与流体模拟,1,8,16,"[""仿真与物理系统"", ""图形交互"", ""项目实战""]"
simulation_and_physics_practice,simulation_and_physics_practice_m2,物理引擎调参与调试,2,10,20,"[""仿真与物理系统"", ""图形交互"", ""项目实战""]"
simulation_and_physics_practice,simulation_and_physics_practice_m3,项目案例实战,3,10,20,"[""仿真与物理系统"", ""图形交互"", ""项目实战""]"
systems_programming_advanced,systems_programming_advanced_m1,Linux系统组件开发,1,8,16,"[""系统级编程"", ""项目实践"", ""工程能力""]"
systems_programming_advanced,systems_programming_advanced_m2,性能分析与稳定性优化,2,10,20,"[""系统级编程"", ""项目实践"", ""工程能力""]"
systems_programming_advanced,systems_programming_advanced_m3,系统项目复盘与面试提升,3,12,24,"[""系统级编程"", ""项目实践"", ""工程能力""]"
systems_programming_foundation,systems_programming_foundation_m1,C语言核心语法与指针,1,8,16,"[""系统级编程"", ""项目实践"", ""工程能力""]"
systems_programming_foundation,systems_programming_foundation_m2,内存模型与编译流程,2,10,20,"[""系统级编程"", ""项目实践"", ""工程能力""]"
systems_programming_foundation,systems_programming_foundation_m3,文件与进程基础,3,10,20,"[""系统级编程"", ""项目实践"", ""工程能力""]"
systems_programming_practice,systems_programming_practice_m1,进程线程与并发控制,1,8,16,"[""系统级编程"", ""项目实践"", ""工程能力""]"
systems_programming_practice,systems_programming_practice_m2,网络编程与系统调用,2,10,20,"[""系统级编程"", ""项目实践"", ""工程能力""]"
systems_programming_practice,systems_programming_practice_m3,调试排错与案例实践,3,12,24,"[""系统级编程"", ""项目实践"", ""工程能力""]"
talent_development_advanced,talent_development_advanced_m1,人才盘点与梯队建设,1,8,16,"[""人才培养"", ""管理场景"", ""组织协同""]"
talent_development_advanced,talent_development_advanced_m2,关键岗位接班规划,2,8,16,"[""人才培养"", ""管理场景"", ""组织协同""]"
talent_development_advanced,talent_development_advanced_m3,培养体系复盘与优化,3,10,20,"[""人才培养"", ""管理场景"", ""组织协同""]"
talent_development_foundation,talent_development_foundation_m1,潜力识别与人才画像,1,6,12,"[""人才培养"", ""管理场景"", ""组织协同""]"
talent_development_foundation,talent_development_foundation_m2,岗位能力模型与评估,2,8,16,"[""人才培养"", ""管理场景"", ""组织协同""]"
talent_development_foundation,talent_development_foundation_m3,培养目标设定与计划,3,8,16,"[""人才培养"", ""管理场景"", ""组织协同""]"
talent_development_practice,talent_development_practice_m1,一对一辅导与反馈面谈,1,8,16,"[""人才培养"", ""管理场景"", ""组织协同""]"
talent_development_practice,talent_development_practice_m2,成长任务设计与跟进,2,8,16,"[""人才培养"", ""管理场景"", ""组织协同""]"
talent_development_practice,talent_development_practice_m3,高潜员工培养案例,3,10,20,"[""人才培养"", ""管理场景"", ""组织协同""]"
teacher_certificate_advanced,teacher_certificate_advanced_m1,笔试面试一体规划,1,8,16,"[""教师资格证"", ""考证通关"", ""模考复盘""]"
teacher_certificate_advanced,teacher_certificate_advanced_m2,高频考点串讲与模考,2,10,20,"[""教师资格证"", ""考证通关"", ""模考复盘""]"
teacher_certificate_advanced,teacher_certificate_advanced_m3,考前押题与冲刺答疑,3,8,16,"[""教师资格证"", ""考证通关"", ""模考复盘""]"
teacher_certificate_foundation,teacher_certificate_foundation_m1,综合素质核心考点,1,8,16,"[""教师资格证"", ""考证通关"", ""模考复盘""]"
teacher_certificate_foundation,teacher_certificate_foundation_m2,教育知识与能力梳理,2,10,20,"[""教师资格证"", ""考证通关"", ""模考复盘""]"
teacher_certificate_foundation,teacher_certificate_foundation_m3,真题训练与笔记构建,3,8,16,"[""教师资格证"", ""考证通关"", ""模考复盘""]"
teacher_certificate_practice,teacher_certificate_practice_m1,结构化问答与教资训练,1,8,16,"[""教师资格证"", ""考证通关"", ""模考复盘""]"
teacher_certificate_practice,teacher_certificate_practice_m2,试讲设计与板书演练,2,10,20,"[""教师资格证"", ""考证通关"", ""模考复盘""]"
teacher_certificate_practice,teacher_certificate_practice_m3,面试模拟与逐项反馈,3,8,16,"[""教师资格证"", ""考证通关"", ""模考复盘""]"
teacher_recruitment_exam_advanced,teacher_recruitment_exam_advanced_m1,试讲结构与板书设计,1,8,16,"[""教师招聘考试"", ""题型技巧"", ""模考复盘""]"
teacher_recruitment_exam_advanced,teacher_recruitment_exam_advanced_m2,说课答辩与教资训练,2,10,20,"[""教师招聘考试"", ""题型技巧"", ""模考复盘""]"
teacher_recruitment_exam_advanced,teacher_recruitment_exam_advanced_m3,模拟试讲与个性反馈,3,8,16,"[""教师招聘考试"", ""题型技巧"", ""模考复盘""]"
teacher_recruitment_exam_foundation,teacher_recruitment_exam_foundation_m1,教育综合基础梳理,1,8,16,"[""教师招聘考试"", ""题型技巧"", ""模考复盘""]"
teacher_recruitment_exam_foundation,teacher_recruitment_exam_foundation_m2,学科知识框架搭建,2,10,20,"[""教师招聘考试"", ""题型技巧"", ""模考复盘""]"
teacher_recruitment_exam_foundation,teacher_recruitment_exam_foundation_m3,笔试题型入门训练,3,8,16,"[""教师招聘考试"", ""题型技巧"", ""模考复盘""]"
teacher_recruitment_exam_practice,teacher_recruitment_exam_practice_m1,学科高频考点突破,1,8,16,"[""教师招聘考试"", ""题型技巧"", ""模考复盘""]"
teacher_recruitment_exam_practice,teacher_recruitment_exam_practice_m2,真题演练与答题规范,2,10,20,"[""教师招聘考试"", ""题型技巧"", ""模考复盘""]"
teacher_recruitment_exam_practice,teacher_recruitment_exam_practice_m3,错题复盘与提分路径,3,8,16,"[""教师招聘考试"", ""题型技巧"", ""模考复盘""]"
web_programming_languages_advanced,web_programming_languages_advanced_m1,TypeScript类型系统,1,8,16,"[""Web编程语言"", ""项目实践"", ""工程能力""]"
web_programming_languages_advanced,web_programming_languages_advanced_m2,工程化配置与代码规范,2,10,20,"[""Web编程语言"", ""项目实践"", ""工程能力""]"
web_programming_languages_advanced,web_programming_languages_advanced_m3,组件化项目与性能优化,3,12,24,"[""Web编程语言"", ""项目实践"", ""工程能力""]"
web_programming_languages_foundation,web_programming_languages_foundation_m1,HTML/CSS/JavaScript基础,1,8,16,"[""Web编程语言"", ""项目实践"", ""工程能力""]"
web_programming_languages_foundation,web_programming_languages_foundation_m2,浏览器机制与DOM操作,2,10,20,"[""Web编程语言"", ""项目实践"", ""工程能力""]"
web_programming_languages_foundation,web_programming_languages_foundation_m3,页面交互练习,3,10,20,"[""Web编程语言"", ""项目实践"", ""工程能力""]"
web_programming_languages_practice,web_programming_languages_practice_m1,异步编程与模块化开发,1,8,16,"[""Web编程语言"", ""项目实践"", ""工程能力""]"
web_programming_languages_practice,web_programming_languages_practice_m2,接口联调与调试实战,2,10,20,"[""Web编程语言"", ""项目实践"", ""工程能力""]"
web_programming_languages_practice,web_programming_languages_practice_m3,中型页面项目开发,3,12,24,"[""Web编程语言"", ""项目实践"", ""工程能力""]"
workplace_safety_advanced,workplace_safety_advanced_m1,应急响应流程设计,1,8,16,"[""安全生产"", ""风险防控"", ""应急演练""]"
workplace_safety_advanced,workplace_safety_advanced_m2,疏散演练与跨班组协同,2,8,16,"[""安全生产"", ""风险防控"", ""应急演练""]"
workplace_safety_advanced,workplace_safety_advanced_m3,事件复盘与持续改进,3,10,20,"[""安全生产"", ""风险防控"", ""应急演练""]"
workplace_safety_foundation,workplace_safety_foundation_m1,安全规范与岗位红线,1,6,12,"[""安全生产"", ""风险防控"", ""应急演练""]"
workplace_safety_foundation,workplace_safety_foundation_m2,隐患识别与巡检方法,2,8,16,"[""安全生产"", ""风险防控"", ""应急演练""]"
workplace_safety_foundation,workplace_safety_foundation_m3,基础演练与记录要求,3,8,16,"[""安全生产"", ""风险防控"", ""应急演练""]"
workplace_safety_practice,workplace_safety_practice_m1,现场风险评估与操作规范,1,8,16,"[""安全生产"", ""风险防控"", ""应急演练""]"
workplace_safety_practice,workplace_safety_practice_m2,设备使用与异常上报,2,8,16,"[""安全生产"", ""风险防控"", ""应急演练""]"
workplace_safety_practice,workplace_safety_practice_m3,事故案例复盘与防控,3,8,16,"[""安全生产"", ""风险防控"", ""应急演练""]"
