product_code,product_name,series_code,series_name,category_level1_code,category_level2_code,category_level3_code,delivery_mode_codes,sale_status_code,target_learning_goal_codes,target_learner_identity_codes,target_grade_codes,sale_price,original_price
computer_science_core,计算机科学能力线,general_purpose_programming_foundation,通用编程入门班,computer_science,programming_languages,general_purpose_programming,"[""online_live"", ""online_recorded""]",on_sale,"[""skill_improvement"", ""job_hunting"", ""career_switch""]","[""in_school_student"", ""working_professional"", ""job_seeker""]","[""junior_college"", ""undergraduate""]",2280,3280
computer_science_core,计算机科学能力线,general_purpose_programming_practice,通用编程项目班,computer_science,programming_languages,general_purpose_programming,"[""online_live"", ""online_recorded""]",on_sale,"[""skill_improvement"", ""job_hunting"", ""career_switch""]","[""in_school_student"", ""working_professional"", ""job_seeker""]","[""junior_college"", ""undergraduate""]",3280,4680
computer_science_core,计算机科学能力线,general_purpose_programming_advanced,通用编程就业强化班,computer_science,programming_languages,general_purpose_programming,"[""online_live"", ""online_recorded""]",on_sale,"[""skill_improvement"", ""job_hunting"", ""career_switch""]","[""in_school_student"", ""working_professional"", ""job_seeker""]","[""junior_college"", ""undergraduate""]",4280,5980
computer_science_core,计算机科学能力线,systems_programming_foundation,系统级编程基础班,computer_science,programming_languages,systems_programming,"[""online_live"", ""online_recorded""]",on_sale,"[""skill_improvement"", ""promotion"", ""career_switch""]","[""working_professional"", ""job_seeker""]","[""undergraduate"", ""master""]",2880,3980
computer_science_core,计算机科学能力线,systems_programming_practice,系统编程实战班,computer_science,programming_languages,systems_programming,"[""online_live"", ""online_recorded""]",on_sale,"[""skill_improvement"", ""promotion"", ""career_switch""]","[""working_professional"", ""job_seeker""]","[""undergraduate"", ""master""]",3980,5580
computer_science_core,计算机科学能力线,systems_programming_advanced,Linux系统开发进阶班,computer_science,programming_languages,systems_programming,"[""online_live"", ""online_recorded""]",on_sale,"[""skill_improvement"", ""promotion"", ""career_switch""]","[""working_professional"", ""job_seeker""]","[""undergraduate"", ""master""]",5280,7380
computer_science_core,计算机科学能力线,scripting_and_automation_foundation,脚本自动化入门班,computer_science,programming_languages,scripting_and_automation,"[""online_live"", ""online_recorded""]",on_sale,"[""skill_improvement"", ""promotion"", ""career_switch""]","[""working_professional"", ""freelancer"", ""job_seeker""]","[""junior_college"", ""undergraduate""]",2380,3380
computer_science_core,计算机科学能力线,scripting_and_automation_practice,办公与运维自动化班,computer_science,programming_languages,scripting_and_automation,"[""online_live"", ""online_recorded""]",on_sale,"[""skill_improvement"", ""promotion"", ""career_switch""]","[""working_professional"", ""freelancer"", ""job_seeker""]","[""junior_college"", ""undergraduate""]",3180,4580
computer_science_core,计算机科学能力线,scripting_and_automation_advanced,自动化工具开发班,computer_science,programming_languages,scripting_and_automation,"[""online_live"", ""online_recorded""]",on_sale,"[""skill_improvement"", ""promotion"", ""career_switch""]","[""working_professional"", ""freelancer"", ""job_seeker""]","[""junior_college"", ""undergraduate""]",3980,5580
computer_science_core,计算机科学能力线,web_programming_languages_foundation,Web开发语言入门班,computer_science,programming_languages,web_programming_languages,"[""online_live"", ""online_recorded""]",on_sale,"[""skill_improvement"", ""job_hunting"", ""career_switch""]","[""in_school_student"", ""working_professional"", ""job_seeker""]","[""junior_college"", ""undergraduate""]",2180,3180
computer_science_core,计算机科学能力线,web_programming_languages_practice,JavaScript核心实战班,computer_science,programming_languages,web_programming_languages,"[""online_live"", ""online_recorded""]",on_sale,"[""skill_improvement"", ""job_hunting"", ""career_switch""]","[""in_school_student"", ""working_professional"", ""job_seeker""]","[""junior_college"", ""undergraduate""]",3180,4580
computer_science_core,计算机科学能力线,web_programming_languages_advanced,TypeScript工程进阶班,computer_science,programming_languages,web_programming_languages,"[""online_live"", ""online_recorded""]",on_sale,"[""skill_improvement"", ""job_hunting"", ""career_switch""]","[""in_school_student"", ""working_professional"", ""job_seeker""]","[""junior_college"", ""undergraduate""]",4180,5880
computer_science_core,计算机科学能力线,low_level_programming_foundation,底层语言基础班,computer_science,programming_languages,low_level_programming,"[""online_live"", ""online_recorded""]",on_sale,"[""skill_improvement"", ""promotion"", ""job_hunting""]","[""working_professional"", ""job_seeker""]","[""undergraduate"", ""master""]",3280,4580
computer_science_core,计算机科学能力线,low_level_programming_practice,底层性能优化班,computer_science,programming_languages,low_level_programming,"[""online_live"", ""online_recorded""]",on_sale,"[""skill_improvement"", ""promotion"", ""job_hunting""]","[""working_professional"", ""job_seeker""]","[""undergraduate"", ""master""]",4380,6180
computer_science_core,计算机科学能力线,low_level_programming_advanced,底层开发专项班,computer_science,programming_languages,low_level_programming,"[""online_live"", ""online_recorded""]",on_sale,"[""skill_improvement"", ""promotion"", ""job_hunting""]","[""working_professional"", ""job_seeker""]","[""undergraduate"", ""master""]",5680,7980
computer_science_core,计算机科学能力线,frontend_development_foundation,前端开发基础班,computer_science,web_development,frontend_development,"[""online_live"", ""online_recorded""]",on_sale,"[""skill_improvement"", ""job_hunting"", ""career_switch""]","[""in_school_student"", ""working_professional"", ""job_seeker""]","[""junior_college"", ""undergraduate""]",2680,3880
computer_science_core,计算机科学能力线,frontend_development_practice,前端工程化项目班,computer_science,web_development,frontend_development,"[""online_live"", ""online_recorded""]",on_sale,"[""skill_improvement"", ""job_hunting"", ""career_switch""]","[""in_school_student"", ""working_professional"", ""job_seeker""]","[""junior_college"", ""undergraduate""]",3880,5580
computer_science_core,计算机科学能力线,frontend_development_advanced,前端高阶就业班,computer_science,web_development,frontend_development,"[""online_live"", ""online_recorded""]",on_sale,"[""skill_improvement"", ""job_hunting"", ""career_switch""]","[""in_school_student"", ""working_professional"", ""job_seeker""]","[""junior_college"", ""undergraduate""]",4980,6880
computer_science_core,计算机科学能力线,backend_development_foundation,后端开发基础班,computer_science,web_development,backend_development,"[""online_live"", ""online_recorded""]",on_sale,"[""skill_improvement"", ""job_hunting"", ""promotion""]","[""working_professional"", ""job_seeker"", ""in_school_student""]","[""undergraduate"", ""master""]",2980,4280
computer_science_core,计算机科学能力线,backend_development_practice,后端服务项目班,computer_science,web_development,backend_development,"[""online_live"", ""online_recorded""]",on_sale,"[""skill_improvement"", ""job_hunting"", ""promotion""]","[""working_professional"", ""job_seeker"", ""in_school_student""]","[""undergraduate"", ""master""]",4180,5980
computer_science_core,计算机科学能力线,backend_development_advanced,后端架构进阶班,computer_science,web_development,backend_development,"[""online_live"", ""online_recorded""]",on_sale,"[""skill_improvement"", ""job_hunting"", ""promotion""]","[""working_professional"", ""job_seeker"", ""in_school_student""]","[""undergraduate"", ""master""]",5680,7980
computer_science_core,计算机科学能力线,fullstack_development_foundation,全栈开发系统班,computer_science,web_development,fullstack_development,"[""online_live"", ""offline_face_to_face""]",on_sale,"[""skill_improvement"", ""job_hunting"", ""career_switch""]","[""in_school_student"", ""working_professional"", ""job_seeker""]","[""junior_college"", ""undergraduate""]",3280,4580
computer_science_core,计算机科学能力线,fullstack_development_practice,全栈项目实战班,computer_science,web_development,fullstack_development,"[""online_live"", ""offline_face_to_face""]",on_sale,"[""skill_improvement"", ""job_hunting"", ""career_switch""]","[""in_school_student"", ""working_professional"", ""job_seeker""]","[""junior_college"", ""undergraduate""]",4580,6480
computer_science_core,计算机科学能力线,fullstack_development_advanced,全栈工程师就业班,computer_science,web_development,fullstack_development,"[""online_live"", ""offline_face_to_face""]",on_sale,"[""skill_improvement"", ""job_hunting"", ""career_switch""]","[""in_school_student"", ""working_professional"", ""job_seeker""]","[""junior_college"", ""undergraduate""]",5980,8380
computer_science_core,计算机科学能力线,network_and_communication_systems_foundation,计算机网络基础班,computer_science,computer_systems,network_and_communication_systems,"[""online_live"", ""online_recorded""]",on_sale,"[""skill_improvement"", ""promotion"", ""job_hunting""]","[""working_professional"", ""job_seeker""]","[""undergraduate"", ""master""]",2880,3980
computer_science_core,计算机科学能力线,network_and_communication_systems_practice,网络协议实战班,computer_science,computer_systems,network_and_communication_systems,"[""online_live"", ""online_recorded""]",on_sale,"[""skill_improvement"", ""promotion"", ""job_hunting""]","[""working_professional"", ""job_seeker""]","[""undergraduate"", ""master""]",3980,5580
computer_science_core,计算机科学能力线,network_and_communication_systems_advanced,网络工程进阶班,computer_science,computer_systems,network_and_communication_systems,"[""online_live"", ""online_recorded""]",on_sale,"[""skill_improvement"", ""promotion"", ""job_hunting""]","[""working_professional"", ""job_seeker""]","[""undergraduate"", ""master""]",5180,7380
computer_science_core,计算机科学能力线,operating_and_runtime_systems_foundation,操作系统基础班,computer_science,computer_systems,operating_and_runtime_systems,"[""online_live"", ""online_recorded""]",on_sale,"[""skill_improvement"", ""promotion"", ""job_hunting""]","[""working_professional"", ""job_seeker""]","[""undergraduate"", ""master"", ""doctor""]",3280,4580
computer_science_core,计算机科学能力线,operating_and_runtime_systems_practice,操作系统实现班,computer_science,computer_systems,operating_and_runtime_systems,"[""online_live"", ""online_recorded""]",on_sale,"[""skill_improvement"", ""promotion"", ""job_hunting""]","[""working_professional"", ""job_seeker""]","[""undergraduate"", ""master"", ""doctor""]",4380,6180
computer_science_core,计算机科学能力线,operating_and_runtime_systems_advanced,运行时与内核进阶班,computer_science,computer_systems,operating_and_runtime_systems,"[""online_live"", ""online_recorded""]",on_sale,"[""skill_improvement"", ""promotion"", ""job_hunting""]","[""working_professional"", ""job_seeker""]","[""undergraduate"", ""master"", ""doctor""]",5680,7980
computer_science_core,计算机科学能力线,data_storage_systems_foundation,数据库基础班,computer_science,computer_systems,data_storage_systems,"[""online_live"", ""online_recorded""]",on_sale,"[""skill_improvement"", ""job_hunting"", ""promotion""]","[""in_school_student"", ""working_professional"", ""job_seeker""]","[""junior_college"", ""undergraduate"", ""master""]",2680,3780
computer_science_core,计算机科学能力线,data_storage_systems_practice,数据库开发实战班,computer_science,computer_systems,data_storage_systems,"[""online_live"", ""online_recorded""]",on_sale,"[""skill_improvement"", ""job_hunting"", ""promotion""]","[""in_school_student"", ""working_professional"", ""job_seeker""]","[""junior_college"", ""undergraduate"", ""master""]",3680,5280
computer_science_core,计算机科学能力线,data_storage_systems_advanced,数据库架构优化班,computer_science,computer_systems,data_storage_systems,"[""online_live"", ""online_recorded""]",on_sale,"[""skill_improvement"", ""job_hunting"", ""promotion""]","[""in_school_student"", ""working_professional"", ""job_seeker""]","[""junior_college"", ""undergraduate"", ""master""]",4980,7180
computer_science_core,计算机科学能力线,compiler_and_language_systems_foundation,编译原理基础班,computer_science,computer_systems,compiler_and_language_systems,"[""online_live"", ""online_recorded""]",on_sale,"[""skill_improvement"", ""job_hunting"", ""promotion""]","[""in_school_student"", ""working_professional""]","[""undergraduate"", ""master""]",3980,5480
computer_science_core,计算机科学能力线,compiler_and_language_systems_practice,解释器实现班,computer_science,computer_systems,compiler_and_language_systems,"[""online_live"", ""online_recorded""]",on_sale,"[""skill_improvement"", ""job_hunting"", ""promotion""]","[""in_school_student"", ""working_professional""]","[""undergraduate"", ""master""]",5280,7280
computer_science_core,计算机科学能力线,compiler_and_language_systems_advanced,编译器工程进阶班,computer_science,computer_systems,compiler_and_language_systems,"[""online_live"", ""online_recorded""]",on_sale,"[""skill_improvement"", ""job_hunting"", ""promotion""]","[""in_school_student"", ""working_professional""]","[""undergraduate"", ""master""]",6680,9280
computer_science_core,计算机科学能力线,distributed_and_cloud_systems_foundation,分布式系统基础班,computer_science,computer_systems,distributed_and_cloud_systems,"[""online_live"", ""online_recorded""]",on_sale,"[""skill_improvement"", ""promotion"", ""job_hunting""]","[""working_professional"", ""job_seeker""]","[""undergraduate"", ""master""]",4280,5980
computer_science_core,计算机科学能力线,distributed_and_cloud_systems_practice,云原生实战班,computer_science,computer_systems,distributed_and_cloud_systems,"[""online_live"", ""online_recorded""]",on_sale,"[""skill_improvement"", ""promotion"", ""job_hunting""]","[""working_professional"", ""job_seeker""]","[""undergraduate"", ""master""]",5580,7780
computer_science_core,计算机科学能力线,distributed_and_cloud_systems_advanced,分布式架构进阶班,computer_science,computer_systems,distributed_and_cloud_systems,"[""online_live"", ""online_recorded""]",on_sale,"[""skill_improvement"", ""promotion"", ""job_hunting""]","[""working_professional"", ""job_seeker""]","[""undergraduate"", ""master""]",6880,9480
computer_science_expansion,计算机技术拓展线,data_analysis_and_visualization_foundation,数据分析求职班,computer_science,data_and_ai,data_analysis_and_visualization,"[""online_live"", ""online_recorded""]",on_sale,"[""skill_improvement"", ""job_hunting"", ""promotion""]","[""in_school_student"", ""working_professional"", ""job_seeker""]","[""junior_college"", ""undergraduate""]",3280,4580
computer_science_expansion,计算机技术拓展线,data_analysis_and_visualization_practice,商业分析项目班,computer_science,data_and_ai,data_analysis_and_visualization,"[""online_live"", ""online_recorded""]",on_sale,"[""skill_improvement"", ""job_hunting"", ""promotion""]","[""in_school_student"", ""working_professional"", ""job_seeker""]","[""junior_college"", ""undergraduate""]",4580,6380
computer_science_expansion,计算机技术拓展线,data_analysis_and_visualization_advanced,数据可视化进阶班,computer_science,data_and_ai,data_analysis_and_visualization,"[""online_live"", ""online_recorded""]",on_sale,"[""skill_improvement"", ""job_hunting"", ""promotion""]","[""in_school_student"", ""working_professional"", ""job_seeker""]","[""junior_college"", ""undergraduate""]",5380,7480
computer_science_expansion,计算机技术拓展线,data_engineering_foundation,数据工程基础班,computer_science,data_and_ai,data_engineering,"[""online_live"", ""online_recorded""]",on_sale,"[""skill_improvement"", ""job_hunting"", ""promotion""]","[""in_school_student"", ""working_professional"", ""job_seeker""]","[""undergraduate"", ""master""]",4480,6180
computer_science_expansion,计算机技术拓展线,data_engineering_practice,数仓开发实战班,computer_science,data_and_ai,data_engineering,"[""online_live"", ""online_recorded""]",on_sale,"[""skill_improvement"", ""job_hunting"", ""promotion""]","[""in_school_student"", ""working_professional"", ""job_seeker""]","[""undergraduate"", ""master""]",5780,7980
computer_science_expansion,计算机技术拓展线,data_engineering_advanced,湖仓平台进阶班,computer_science,data_and_ai,data_engineering,"[""online_live"", ""online_recorded""]",on_sale,"[""skill_improvement"", ""job_hunting"", ""promotion""]","[""in_school_student"", ""working_professional"", ""job_seeker""]","[""undergraduate"", ""master""]",7080,9680
computer_science_expansion,计算机技术拓展线,machine_learning_methods_foundation,机器学习基础班,computer_science,data_and_ai,machine_learning_methods,"[""online_live"", ""online_recorded""]",on_sale,"[""skill_improvement"", ""job_hunting"", ""promotion""]","[""in_school_student"", ""working_professional"", ""job_seeker""]","[""undergraduate"", ""master""]",4880,6580
computer_science_expansion,计算机技术拓展线,machine_learning_methods_practice,机器学习项目班,computer_science,data_and_ai,machine_learning_methods,"[""online_live"", ""online_recorded""]",on_sale,"[""skill_improvement"", ""job_hunting"", ""promotion""]","[""in_school_student"", ""working_professional"", ""job_seeker""]","[""undergraduate"", ""master""]",6280,8580
computer_science_expansion,计算机技术拓展线,machine_learning_methods_advanced,机器学习算法进阶班,computer_science,data_and_ai,machine_learning_methods,"[""online_live"", ""online_recorded""]",on_sale,"[""skill_improvement"", ""job_hunting"", ""promotion""]","[""in_school_student"", ""working_professional"", ""job_seeker""]","[""undergraduate"", ""master""]",7580,10280
computer_science_expansion,计算机技术拓展线,deep_learning_and_perception_foundation,深度学习基础班,computer_science,data_and_ai,deep_learning_and_perception,"[""online_live"", ""online_recorded""]",on_sale,"[""skill_improvement"", ""job_hunting"", ""promotion""]","[""in_school_student"", ""working_professional"", ""job_seeker""]","[""undergraduate"", ""master"", ""doctor""]",5680,7480
computer_science_expansion,计算机技术拓展线,deep_learning_and_perception_practice,视觉感知项目班,computer_science,data_and_ai,deep_learning_and_perception,"[""online_live"", ""online_recorded""]",on_sale,"[""skill_improvement"", ""job_hunting"", ""promotion""]","[""in_school_student"", ""working_professional"", ""job_seeker""]","[""undergraduate"", ""master"", ""doctor""]",7080,9480
computer_science_expansion,计算机技术拓展线,deep_learning_and_perception_advanced,训练部署进阶班,computer_science,data_and_ai,deep_learning_and_perception,"[""online_live"", ""online_recorded""]",on_sale,"[""skill_improvement"", ""job_hunting"", ""promotion""]","[""in_school_student"", ""working_professional"", ""job_seeker""]","[""undergraduate"", ""master"", ""doctor""]",8580,11280
computer_science_expansion,计算机技术拓展线,foundation_models_and_agents_foundation,大模型应用开发班,computer_science,data_and_ai,foundation_models_and_agents,"[""online_live"", ""online_recorded""]",on_sale,"[""skill_improvement"", ""job_hunting"", ""promotion""]","[""in_school_student"", ""working_professional"", ""job_seeker""]","[""undergraduate"", ""master"", ""doctor""]",6880,8680
computer_science_expansion,计算机技术拓展线,foundation_models_and_agents_practice,Agent工作流实战班,computer_science,data_and_ai,foundation_models_and_agents,"[""online_live"", ""online_recorded""]",on_sale,"[""skill_improvement"", ""job_hunting"", ""promotion""]","[""in_school_student"", ""working_professional"", ""job_seeker""]","[""undergraduate"", ""master"", ""doctor""]",8280,10580
computer_science_expansion,计算机技术拓展线,foundation_models_and_agents_advanced,大模型微调部署班,computer_science,data_and_ai,foundation_models_and_agents,"[""online_live"", ""online_recorded""]",on_sale,"[""skill_improvement"", ""job_hunting"", ""promotion""]","[""in_school_student"", ""working_professional"", ""job_seeker""]","[""undergraduate"", ""master"", ""doctor""]",9680,12380
computer_science_expansion,计算机技术拓展线,graphics_rendering_pipeline_foundation,图形渲染基础班,computer_science,graphics_and_games,graphics_rendering_pipeline,"[""online_live"", ""offline_face_to_face""]",on_sale,"[""skill_improvement"", ""interest_learning"", ""job_hunting""]","[""in_school_student"", ""working_professional"", ""freelancer""]","[""junior_college"", ""undergraduate"", ""master""]",4680,6380
computer_science_expansion,计算机技术拓展线,graphics_rendering_pipeline_practice,渲染管线实战班,computer_science,graphics_and_games,graphics_rendering_pipeline,"[""online_live"", ""offline_face_to_face""]",on_sale,"[""skill_improvement"", ""interest_learning"", ""job_hunting""]","[""in_school_student"", ""working_professional"", ""freelancer""]","[""junior_college"", ""undergraduate"", ""master""]",5980,8180
computer_science_expansion,计算机技术拓展线,graphics_rendering_pipeline_advanced,图形引擎进阶班,computer_science,graphics_and_games,graphics_rendering_pipeline,"[""online_live"", ""offline_face_to_face""]",on_sale,"[""skill_improvement"", ""interest_learning"", ""job_hunting""]","[""in_school_student"", ""working_professional"", ""freelancer""]","[""junior_college"", ""undergraduate"", ""master""]",7380,9980
computer_science_expansion,计算机技术拓展线,real_time_rendering_foundation,实时渲染基础班,computer_science,graphics_and_games,real_time_rendering,"[""online_live"", ""offline_face_to_face""]",on_sale,"[""skill_improvement"", ""interest_learning"", ""job_hunting""]","[""in_school_student"", ""working_professional"", ""freelancer""]","[""undergraduate"", ""master""]",5280,7080
computer_science_expansion,计算机技术拓展线,real_time_rendering_practice,实时渲染效果班,computer_science,graphics_and_games,real_time_rendering,"[""online_live"", ""offline_face_to_face""]",on_sale,"[""skill_improvement"", ""interest_learning"", ""job_hunting""]","[""in_school_student"", ""working_professional"", ""freelancer""]","[""undergraduate"", ""master""]",6480,8780
computer_science_expansion,计算机技术拓展线,real_time_rendering_advanced,GPU渲染优化班,computer_science,graphics_and_games,real_time_rendering,"[""online_live"", ""offline_face_to_face""]",on_sale,"[""skill_improvement"", ""interest_learning"", ""job_hunting""]","[""in_school_student"", ""working_professional"", ""freelancer""]","[""undergraduate"", ""master""]",7880,10480
computer_science_expansion,计算机技术拓展线,simulation_and_physics_foundation,仿真物理基础班,computer_science,graphics_and_games,simulation_and_physics,"[""online_live"", ""offline_face_to_face""]",on_sale,"[""skill_improvement"", ""interest_learning"", ""job_hunting""]","[""in_school_student"", ""working_professional"", ""freelancer""]","[""undergraduate"", ""master"", ""doctor""]",4980,6780
computer_science_expansion,计算机技术拓展线,simulation_and_physics_practice,物理引擎实战班,computer_science,graphics_and_games,simulation_and_physics,"[""online_live"", ""offline_face_to_face""]",on_sale,"[""skill_improvement"", ""interest_learning"", ""job_hunting""]","[""in_school_student"", ""working_professional"", ""freelancer""]","[""undergraduate"", ""master"", ""doctor""]",6280,8580
computer_science_expansion,计算机技术拓展线,simulation_and_physics_advanced,数值仿真进阶班,computer_science,graphics_and_games,simulation_and_physics,"[""online_live"", ""offline_face_to_face""]",on_sale,"[""skill_improvement"", ""interest_learning"", ""job_hunting""]","[""in_school_student"", ""working_professional"", ""freelancer""]","[""undergraduate"", ""master"", ""doctor""]",7680,10280
computer_science_expansion,计算机技术拓展线,interactive_media_and_games_foundation,游戏开发基础班,computer_science,graphics_and_games,interactive_media_and_games,"[""online_live"", ""offline_face_to_face""]",on_sale,"[""skill_improvement"", ""interest_learning"", ""job_hunting""]","[""in_school_student"", ""working_professional"", ""freelancer""]","[""junior_college"", ""undergraduate"", ""master""]",3980,5680
computer_science_expansion,计算机技术拓展线,interactive_media_and_games_practice,交互设计项目班,computer_science,graphics_and_games,interactive_media_and_games,"[""online_live"", ""offline_face_to_face""]",on_sale,"[""skill_improvement"", ""interest_learning"", ""job_hunting""]","[""in_school_student"", ""working_professional"", ""freelancer""]","[""junior_college"", ""undergraduate"", ""master""]",5280,7480
computer_science_expansion,计算机技术拓展线,interactive_media_and_games_advanced,游戏系统设计进阶班,computer_science,graphics_and_games,interactive_media_and_games,"[""online_live"", ""offline_face_to_face""]",on_sale,"[""skill_improvement"", ""interest_learning"", ""job_hunting""]","[""in_school_student"", ""working_professional"", ""freelancer""]","[""junior_college"", ""undergraduate"", ""master""]",6580,8980
mathematics,数学基础与进阶线,analysis_foundations_foundation,分析学同步提升班,mathematics,basic_mathematics,analysis_foundations,"[""online_live"", ""online_recorded""]",on_sale,"[""score_improvement"", ""school_sync"", ""exam_preparation""]","[""in_school_student""]","[""junior_middle"", ""senior_high"", ""undergraduate""]",2680,3680
mathematics,数学基础与进阶线,analysis_foundations_practice,极限与连续专题班,mathematics,basic_mathematics,analysis_foundations,"[""online_live"", ""online_recorded""]",on_sale,"[""score_improvement"", ""school_sync"", ""exam_preparation""]","[""in_school_student""]","[""junior_middle"", ""senior_high"", ""undergraduate""]",3480,4780
mathematics,数学基础与进阶线,analysis_foundations_advanced,分析证明进阶班,mathematics,basic_mathematics,analysis_foundations,"[""online_live"", ""online_recorded""]",on_sale,"[""score_improvement"", ""school_sync"", ""exam_preparation""]","[""in_school_student""]","[""junior_middle"", ""senior_high"", ""undergraduate""]",4280,5980
mathematics,数学基础与进阶线,algebra_foundations_foundation,代数基础提升班,mathematics,basic_mathematics,algebra_foundations,"[""online_live"", ""online_recorded""]",on_sale,"[""score_improvement"", ""school_sync"", ""exam_preparation""]","[""in_school_student""]","[""senior_high"", ""undergraduate""]",2680,3680
mathematics,数学基础与进阶线,algebra_foundations_practice,线性代数强化班,mathematics,basic_mathematics,algebra_foundations,"[""online_live"", ""online_recorded""]",on_sale,"[""score_improvement"", ""school_sync"", ""exam_preparation""]","[""in_school_student""]","[""senior_high"", ""undergraduate""]",3480,4780
mathematics,数学基础与进阶线,algebra_foundations_advanced,代数结构进阶班,mathematics,basic_mathematics,algebra_foundations,"[""online_live"", ""online_recorded""]",on_sale,"[""score_improvement"", ""school_sync"", ""exam_preparation""]","[""in_school_student""]","[""senior_high"", ""undergraduate""]",4380,6080
mathematics,数学基础与进阶线,geometry_foundations_foundation,几何同步提高班,mathematics,basic_mathematics,geometry_foundations,"[""online_live"", ""online_recorded""]",on_sale,"[""score_improvement"", ""school_sync"", ""exam_preparation""]","[""in_school_student""]","[""junior_middle"", ""senior_high"", ""undergraduate""]",2680,3680
mathematics,数学基础与进阶线,geometry_foundations_practice,解析几何专题班,mathematics,basic_mathematics,geometry_foundations,"[""online_live"", ""online_recorded""]",on_sale,"[""score_improvement"", ""school_sync"", ""exam_preparation""]","[""in_school_student""]","[""junior_middle"", ""senior_high"", ""undergraduate""]",3480,4780
mathematics,数学基础与进阶线,geometry_foundations_advanced,几何证明拔高班,mathematics,basic_mathematics,geometry_foundations,"[""online_live"", ""online_recorded""]",on_sale,"[""score_improvement"", ""school_sync"", ""exam_preparation""]","[""in_school_student""]","[""junior_middle"", ""senior_high"", ""undergraduate""]",4280,5980
mathematics,数学基础与进阶线,calculus_and_sequences_foundation,微积分基础班,mathematics,basic_mathematics,calculus_and_sequences,"[""online_live"", ""online_recorded""]",on_sale,"[""score_improvement"", ""school_sync"", ""exam_preparation""]","[""in_school_student""]","[""senior_high"", ""undergraduate""]",2880,3880
mathematics,数学基础与进阶线,calculus_and_sequences_practice,数列极限强化班,mathematics,basic_mathematics,calculus_and_sequences,"[""online_live"", ""online_recorded""]",on_sale,"[""score_improvement"", ""school_sync"", ""exam_preparation""]","[""in_school_student""]","[""senior_high"", ""undergraduate""]",3680,5080
mathematics,数学基础与进阶线,calculus_and_sequences_advanced,微积分综合进阶班,mathematics,basic_mathematics,calculus_and_sequences,"[""online_live"", ""online_recorded""]",on_sale,"[""score_improvement"", ""school_sync"", ""exam_preparation""]","[""in_school_student""]","[""senior_high"", ""undergraduate""]",4580,6280
mathematics,数学基础与进阶线,proof_and_logic_foundation,数学证明入门班,mathematics,basic_mathematics,proof_and_logic,"[""online_live"", ""online_recorded""]",on_sale,"[""score_improvement"", ""school_sync"", ""exam_preparation""]","[""in_school_student""]","[""senior_high"", ""undergraduate""]",2880,3880
mathematics,数学基础与进阶线,proof_and_logic_practice,逻辑推理强化班,mathematics,basic_mathematics,proof_and_logic,"[""online_live"", ""online_recorded""]",on_sale,"[""score_improvement"", ""school_sync"", ""exam_preparation""]","[""in_school_student""]","[""senior_high"", ""undergraduate""]",3680,5080
mathematics,数学基础与进阶线,proof_and_logic_advanced,证明写作进阶班,mathematics,basic_mathematics,proof_and_logic,"[""online_live"", ""online_recorded""]",on_sale,"[""score_improvement"", ""school_sync"", ""exam_preparation""]","[""in_school_student""]","[""senior_high"", ""undergraduate""]",4380,6080
mathematics,数学基础与进阶线,probability_and_statistics_foundation,概率统计基础班,mathematics,applied_mathematics,probability_and_statistics,"[""online_live"", ""online_recorded""]",on_sale,"[""skill_improvement"", ""exam_preparation"", ""promotion""]","[""in_school_student"", ""working_professional""]","[""undergraduate"", ""master""]",3280,4480
mathematics,数学基础与进阶线,probability_and_statistics_practice,统计建模实战班,mathematics,applied_mathematics,probability_and_statistics,"[""online_live"", ""online_recorded""]",on_sale,"[""skill_improvement"", ""exam_preparation"", ""promotion""]","[""in_school_student"", ""working_professional""]","[""undergraduate"", ""master""]",4380,6180
mathematics,数学基础与进阶线,probability_and_statistics_advanced,概率统计进阶班,mathematics,applied_mathematics,probability_and_statistics,"[""online_live"", ""online_recorded""]",on_sale,"[""skill_improvement"", ""exam_preparation"", ""promotion""]","[""in_school_student"", ""working_professional""]","[""undergraduate"", ""master""]",5380,7480
mathematics,数学基础与进阶线,operations_research_foundation,运筹优化基础班,mathematics,applied_mathematics,operations_research,"[""online_live"", ""online_recorded""]",on_sale,"[""skill_improvement"", ""promotion"", ""exam_preparation""]","[""in_school_student"", ""working_professional""]","[""undergraduate"", ""master""]",3480,4780
mathematics,数学基础与进阶线,operations_research_practice,优化建模实战班,mathematics,applied_mathematics,operations_research,"[""online_live"", ""online_recorded""]",on_sale,"[""skill_improvement"", ""promotion"", ""exam_preparation""]","[""in_school_student"", ""working_professional""]","[""undergraduate"", ""master""]",4580,6380
mathematics,数学基础与进阶线,operations_research_advanced,决策分析进阶班,mathematics,applied_mathematics,operations_research,"[""online_live"", ""online_recorded""]",on_sale,"[""skill_improvement"", ""promotion"", ""exam_preparation""]","[""in_school_student"", ""working_professional""]","[""undergraduate"", ""master""]",5680,7880
mathematics,数学基础与进阶线,numerical_and_computational_methods_foundation,数值计算基础班,mathematics,applied_mathematics,numerical_and_computational_methods,"[""online_live"", ""online_recorded""]",on_sale,"[""skill_improvement"", ""promotion"", ""exam_preparation""]","[""in_school_student"", ""working_professional""]","[""undergraduate"", ""master"", ""doctor""]",3480,4780
mathematics,数学基础与进阶线,numerical_and_computational_methods_practice,数值分析编程班,mathematics,applied_mathematics,numerical_and_computational_methods,"[""online_live"", ""online_recorded""]",on_sale,"[""skill_improvement"", ""promotion"", ""exam_preparation""]","[""in_school_student"", ""working_professional""]","[""undergraduate"", ""master"", ""doctor""]",4580,6380
mathematics,数学基础与进阶线,numerical_and_computational_methods_advanced,科学计算进阶班,mathematics,applied_mathematics,numerical_and_computational_methods,"[""online_live"", ""online_recorded""]",on_sale,"[""skill_improvement"", ""promotion"", ""exam_preparation""]","[""in_school_student"", ""working_professional""]","[""undergraduate"", ""master"", ""doctor""]",5780,8080
mathematics,数学基础与进阶线,modeling_and_simulation_foundation,数学建模入门班,mathematics,applied_mathematics,modeling_and_simulation,"[""online_live"", ""online_recorded""]",on_sale,"[""skill_improvement"", ""exam_preparation"", ""job_hunting""]","[""in_school_student"", ""working_professional""]","[""undergraduate"", ""master""]",3280,4580
mathematics,数学基础与进阶线,modeling_and_simulation_practice,建模竞赛训练班,mathematics,applied_mathematics,modeling_and_simulation,"[""online_live"", ""online_recorded""]",on_sale,"[""skill_improvement"", ""exam_preparation"", ""job_hunting""]","[""in_school_student"", ""working_professional""]","[""undergraduate"", ""master""]",4380,6180
mathematics,数学基础与进阶线,modeling_and_simulation_advanced,仿真建模进阶班,mathematics,applied_mathematics,modeling_and_simulation,"[""online_live"", ""online_recorded""]",on_sale,"[""skill_improvement"", ""exam_preparation"", ""job_hunting""]","[""in_school_student"", ""working_professional""]","[""undergraduate"", ""master""]",5480,7680
mathematics,数学基础与进阶线,data_and_quantitative_analysis_foundation,定量分析基础班,mathematics,applied_mathematics,data_and_quantitative_analysis,"[""online_live"", ""online_recorded""]",on_sale,"[""skill_improvement"", ""promotion"", ""job_hunting""]","[""in_school_student"", ""working_professional""]","[""undergraduate"", ""master""]",3280,4480
mathematics,数学基础与进阶线,data_and_quantitative_analysis_practice,数据分析建模班,mathematics,applied_mathematics,data_and_quantitative_analysis,"[""online_live"", ""online_recorded""]",on_sale,"[""skill_improvement"", ""promotion"", ""job_hunting""]","[""in_school_student"", ""working_professional""]","[""undergraduate"", ""master""]",4380,6180
mathematics,数学基础与进阶线,data_and_quantitative_analysis_advanced,商业量化分析进阶班,mathematics,applied_mathematics,data_and_quantitative_analysis,"[""online_live"", ""online_recorded""]",on_sale,"[""skill_improvement"", ""promotion"", ""job_hunting""]","[""in_school_student"", ""working_professional""]","[""undergraduate"", ""master""]",5280,7380
mathematics,数学基础与进阶线,modern_analysis_foundation,现代分析导论班,mathematics,modern_mathematics,modern_analysis,"[""online_live"", ""online_recorded""]",on_sale,"[""skill_improvement"", ""promotion"", ""exam_preparation""]","[""in_school_student"", ""working_professional""]","[""undergraduate"", ""master"", ""doctor""]",3980,5480
mathematics,数学基础与进阶线,modern_analysis_practice,实分析进阶班,mathematics,modern_mathematics,modern_analysis,"[""online_live"", ""online_recorded""]",on_sale,"[""skill_improvement"", ""promotion"", ""exam_preparation""]","[""in_school_student"", ""working_professional""]","[""undergraduate"", ""master"", ""doctor""]",5180,7180
mathematics,数学基础与进阶线,modern_analysis_advanced,泛函分析专题班,mathematics,modern_mathematics,modern_analysis,"[""online_live"", ""online_recorded""]",on_sale,"[""skill_improvement"", ""promotion"", ""exam_preparation""]","[""in_school_student"", ""working_professional""]","[""undergraduate"", ""master"", ""doctor""]",6480,8980
mathematics,数学基础与进阶线,modern_algebra_foundation,现代代数导论班,mathematics,modern_mathematics,modern_algebra,"[""online_live"", ""online_recorded""]",on_sale,"[""skill_improvement"", ""promotion"", ""exam_preparation""]","[""in_school_student"", ""working_professional""]","[""undergraduate"", ""master"", ""doctor""]",3980,5480
mathematics,数学基础与进阶线,modern_algebra_practice,群环域进阶班,mathematics,modern_mathematics,modern_algebra,"[""online_live"", ""online_recorded""]",on_sale,"[""skill_improvement"", ""promotion"", ""exam_preparation""]","[""in_school_student"", ""working_professional""]","[""undergraduate"", ""master"", ""doctor""]",5280,7280
mathematics,数学基础与进阶线,modern_algebra_advanced,现代代数专题班,mathematics,modern_mathematics,modern_algebra,"[""online_live"", ""online_recorded""]",on_sale,"[""skill_improvement"", ""promotion"", ""exam_preparation""]","[""in_school_student"", ""working_professional""]","[""undergraduate"", ""master"", ""doctor""]",6580,9080
mathematics,数学基础与进阶线,geometry_and_topology_foundation,几何拓扑导论班,mathematics,modern_mathematics,geometry_and_topology,"[""online_live"", ""online_recorded""]",on_sale,"[""skill_improvement"", ""promotion"", ""exam_preparation""]","[""in_school_student"", ""working_professional""]","[""undergraduate"", ""master"", ""doctor""]",3980,5480
mathematics,数学基础与进阶线,geometry_and_topology_practice,拓扑空间进阶班,mathematics,modern_mathematics,geometry_and_topology,"[""online_live"", ""online_recorded""]",on_sale,"[""skill_improvement"", ""promotion"", ""exam_preparation""]","[""in_school_student"", ""working_professional""]","[""undergraduate"", ""master"", ""doctor""]",5280,7280
mathematics,数学基础与进阶线,geometry_and_topology_advanced,微分几何专题班,mathematics,modern_mathematics,geometry_and_topology,"[""online_live"", ""online_recorded""]",on_sale,"[""skill_improvement"", ""promotion"", ""exam_preparation""]","[""in_school_student"", ""working_professional""]","[""undergraduate"", ""master"", ""doctor""]",6580,9080
mathematics,数学基础与进阶线,discrete_and_combinatorial_math_foundation,离散数学基础班,mathematics,modern_mathematics,discrete_and_combinatorial_math,"[""online_live"", ""online_recorded""]",on_sale,"[""skill_improvement"", ""promotion"", ""exam_preparation""]","[""in_school_student"", ""working_professional""]","[""undergraduate"", ""master"", ""doctor""]",3680,4980
mathematics,数学基础与进阶线,discrete_and_combinatorial_math_practice,组合数学强化班,mathematics,modern_mathematics,discrete_and_combinatorial_math,"[""online_live"", ""online_recorded""]",on_sale,"[""skill_improvement"", ""promotion"", ""exam_preparation""]","[""in_school_student"", ""working_professional""]","[""undergraduate"", ""master"", ""doctor""]",4680,6480
mathematics,数学基础与进阶线,discrete_and_combinatorial_math_advanced,图论算法进阶班,mathematics,modern_mathematics,discrete_and_combinatorial_math,"[""online_live"", ""online_recorded""]",on_sale,"[""skill_improvement"", ""promotion"", ""exam_preparation""]","[""in_school_student"", ""working_professional""]","[""undergraduate"", ""master"", ""doctor""]",5680,7880
mathematics,数学基础与进阶线,interdisciplinary_mathematics_foundation,交叉数学导论班,mathematics,modern_mathematics,interdisciplinary_mathematics,"[""online_live"", ""online_recorded""]",on_sale,"[""skill_improvement"", ""promotion"", ""job_hunting""]","[""in_school_student"", ""working_professional""]","[""undergraduate"", ""master""]",3880,5280
mathematics,数学基础与进阶线,interdisciplinary_mathematics_practice,数学应用建模班,mathematics,modern_mathematics,interdisciplinary_mathematics,"[""online_live"", ""online_recorded""]",on_sale,"[""skill_improvement"", ""promotion"", ""job_hunting""]","[""in_school_student"", ""working_professional""]","[""undergraduate"", ""master""]",4880,6880
mathematics,数学基础与进阶线,interdisciplinary_mathematics_advanced,数学跨学科项目班,mathematics,modern_mathematics,interdisciplinary_mathematics,"[""online_live"", ""online_recorded""]",on_sale,"[""skill_improvement"", ""promotion"", ""job_hunting""]","[""in_school_student"", ""working_professional""]","[""undergraduate"", ""master""]",5980,8280
exam_prep,考试与升学线,postgraduate_math_foundation,考研数学全程系统班,exam_prep,postgraduate_exam,postgraduate_math,"[""online_live"", ""online_recorded""]",on_sale,"[""exam_preparation"", ""postgraduate_exam"", ""score_improvement""]","[""in_school_student"", ""working_professional"", ""job_seeker""]","[""undergraduate"", ""master""]",4580,6280
exam_prep,考试与升学线,postgraduate_math_practice,考研数学强化刷题班,exam_prep,postgraduate_exam,postgraduate_math,"[""online_live"", ""online_recorded""]",on_sale,"[""exam_preparation"", ""postgraduate_exam"", ""score_improvement""]","[""in_school_student"", ""working_professional"", ""job_seeker""]","[""undergraduate"", ""master""]",5580,7580
exam_prep,考试与升学线,postgraduate_math_advanced,考研数学冲刺模考班,exam_prep,postgraduate_exam,postgraduate_math,"[""online_live"", ""online_recorded""]",on_sale,"[""exam_preparation"", ""postgraduate_exam"", ""score_improvement""]","[""in_school_student"", ""working_professional"", ""job_seeker""]","[""undergraduate"", ""master""]",6380,8580
exam_prep,考试与升学线,postgraduate_english_foundation,考研英语全程系统班,exam_prep,postgraduate_exam,postgraduate_english,"[""online_live"", ""online_recorded""]",on_sale,"[""exam_preparation"", ""postgraduate_exam"", ""score_improvement""]","[""in_school_student"", ""working_professional"", ""job_seeker""]","[""undergraduate"", ""master""]",4380,6180
exam_prep,考试与升学线,postgraduate_english_practice,考研英语阅读写作班,exam_prep,postgraduate_exam,postgraduate_english,"[""online_live"", ""online_recorded""]",on_sale,"[""exam_preparation"", ""postgraduate_exam"", ""score_improvement""]","[""in_school_student"", ""working_professional"", ""job_seeker""]","[""undergraduate"", ""master""]",5280,7380
exam_prep,考试与升学线,postgraduate_english_advanced,考研英语冲刺抢分班,exam_prep,postgraduate_exam,postgraduate_english,"[""online_live"", ""online_recorded""]",on_sale,"[""exam_preparation"", ""postgraduate_exam"", ""score_improvement""]","[""in_school_student"", ""working_professional"", ""job_seeker""]","[""undergraduate"", ""master""]",5980,8180
exam_prep,考试与升学线,postgraduate_politics_foundation,考研政治全程系统班,exam_prep,postgraduate_exam,postgraduate_politics,"[""online_live"", ""online_recorded""]",on_sale,"[""exam_preparation"", ""postgraduate_exam"", ""score_improvement""]","[""in_school_student"", ""working_professional"", ""job_seeker""]","[""undergraduate"", ""master""]",3980,5680
exam_prep,考试与升学线,postgraduate_politics_practice,考研政治选择题提分班,exam_prep,postgraduate_exam,postgraduate_politics,"[""online_live"", ""online_recorded""]",on_sale,"[""exam_preparation"", ""postgraduate_exam"", ""score_improvement""]","[""in_school_student"", ""working_professional"", ""job_seeker""]","[""undergraduate"", ""master""]",4680,6680
exam_prep,考试与升学线,postgraduate_politics_advanced,考研政治冲刺背诵班,exam_prep,postgraduate_exam,postgraduate_politics,"[""online_live"", ""online_recorded""]",on_sale,"[""exam_preparation"", ""postgraduate_exam"", ""score_improvement""]","[""in_school_student"", ""working_professional"", ""job_seeker""]","[""undergraduate"", ""master""]",5380,7580
exam_prep,考试与升学线,postgraduate_specialized_foundation,考研专业课基础先修班,exam_prep,postgraduate_exam,postgraduate_specialized,"[""online_live"", ""online_recorded""]",on_sale,"[""exam_preparation"", ""postgraduate_exam"", ""score_improvement""]","[""in_school_student"", ""working_professional"", ""job_seeker""]","[""undergraduate"", ""master""]",4980,6980
exam_prep,考试与升学线,postgraduate_specialized_practice,考研专业课院校定向班,exam_prep,postgraduate_exam,postgraduate_specialized,"[""online_live"", ""online_recorded""]",on_sale,"[""exam_preparation"", ""postgraduate_exam"", ""score_improvement""]","[""in_school_student"", ""working_professional"", ""job_seeker""]","[""undergraduate"", ""master""]",6280,8680
exam_prep,考试与升学线,postgraduate_specialized_advanced,考研专业课冲刺答题班,exam_prep,postgraduate_exam,postgraduate_specialized,"[""online_live"", ""online_recorded""]",on_sale,"[""exam_preparation"", ""postgraduate_exam"", ""score_improvement""]","[""in_school_student"", ""working_professional"", ""job_seeker""]","[""undergraduate"", ""master""]",6980,9380
exam_prep,考试与升学线,postgraduate_retest_foundation,考研复试准备班,exam_prep,postgraduate_exam,postgraduate_retest,"[""online_live"", ""online_recorded""]",on_sale,"[""exam_preparation"", ""postgraduate_exam"", ""score_improvement""]","[""in_school_student"", ""working_professional"", ""job_seeker""]","[""undergraduate"", ""master""]",3680,5280
exam_prep,考试与升学线,postgraduate_retest_practice,考研复试面试表达班,exam_prep,postgraduate_exam,postgraduate_retest,"[""online_live"", ""online_recorded""]",on_sale,"[""exam_preparation"", ""postgraduate_exam"", ""score_improvement""]","[""in_school_student"", ""working_professional"", ""job_seeker""]","[""undergraduate"", ""master""]",4680,6680
exam_prep,考试与升学线,postgraduate_retest_advanced,调剂与复试冲刺班,exam_prep,postgraduate_exam,postgraduate_retest,"[""online_live"", ""online_recorded""]",on_sale,"[""exam_preparation"", ""postgraduate_exam"", ""score_improvement""]","[""in_school_student"", ""working_professional"", ""job_seeker""]","[""undergraduate"", ""master""]",5680,7880
exam_prep,考试与升学线,civil_service_exam_foundation,公务员国省考系统班,exam_prep,public_exam,civil_service_exam,"[""online_live"", ""online_recorded""]",on_sale,"[""exam_preparation"", ""job_hunting"", ""promotion""]","[""in_school_student"", ""working_professional"", ""job_seeker""]","[""junior_college"", ""undergraduate"", ""master""]",3980,5680
exam_prep,考试与升学线,civil_service_exam_practice,公务员行测申论强化班,exam_prep,public_exam,civil_service_exam,"[""online_live"", ""online_recorded""]",on_sale,"[""exam_preparation"", ""job_hunting"", ""promotion""]","[""in_school_student"", ""working_professional"", ""job_seeker""]","[""junior_college"", ""undergraduate"", ""master""]",4980,6980
exam_prep,考试与升学线,civil_service_exam_advanced,公务员面试冲刺班,exam_prep,public_exam,civil_service_exam,"[""online_live"", ""online_recorded""]",on_sale,"[""exam_preparation"", ""job_hunting"", ""promotion""]","[""in_school_student"", ""working_professional"", ""job_seeker""]","[""junior_college"", ""undergraduate"", ""master""]",5580,7680
exam_prep,考试与升学线,public_institution_exam_foundation,事业单位统考系统班,exam_prep,public_exam,public_institution_exam,"[""online_live"", ""online_recorded""]",on_sale,"[""exam_preparation"", ""job_hunting"", ""promotion""]","[""in_school_student"", ""working_professional"", ""job_seeker""]","[""junior_college"", ""undergraduate"", ""master""]",3680,5380
exam_prep,考试与升学线,public_institution_exam_practice,职测综应专项强化班,exam_prep,public_exam,public_institution_exam,"[""online_live"", ""online_recorded""]",on_sale,"[""exam_preparation"", ""job_hunting"", ""promotion""]","[""in_school_student"", ""working_professional"", ""job_seeker""]","[""junior_college"", ""undergraduate"", ""master""]",4580,6580
exam_prep,考试与升学线,public_institution_exam_advanced,事业单位面试冲刺班,exam_prep,public_exam,public_institution_exam,"[""online_live"", ""online_recorded""]",on_sale,"[""exam_preparation"", ""job_hunting"", ""promotion""]","[""in_school_student"", ""working_professional"", ""job_seeker""]","[""junior_college"", ""undergraduate"", ""master""]",5280,7380
exam_prep,考试与升学线,teacher_recruitment_exam_foundation,教师招聘笔试系统班,exam_prep,public_exam,teacher_recruitment_exam,"[""online_live"", ""online_recorded""]",on_sale,"[""exam_preparation"", ""job_hunting"", ""promotion""]","[""in_school_student"", ""working_professional"", ""job_seeker""]","[""junior_college"", ""undergraduate"", ""master""]",3880,5480
exam_prep,考试与升学线,teacher_recruitment_exam_practice,教师招聘学科强化班,exam_prep,public_exam,teacher_recruitment_exam,"[""online_live"", ""online_recorded""]",on_sale,"[""exam_preparation"", ""job_hunting"", ""promotion""]","[""in_school_student"", ""working_professional"", ""job_seeker""]","[""junior_college"", ""undergraduate"", ""master""]",4980,6980
exam_prep,考试与升学线,teacher_recruitment_exam_advanced,教师招聘面试试讲班,exam_prep,public_exam,teacher_recruitment_exam,"[""online_live"", ""online_recorded""]",on_sale,"[""exam_preparation"", ""job_hunting"", ""promotion""]","[""in_school_student"", ""working_professional"", ""job_seeker""]","[""junior_college"", ""undergraduate"", ""master""]",5980,8280
exam_prep,考试与升学线,police_auxiliary_exam_foundation,警务辅警招录笔试班,exam_prep,public_exam,police_auxiliary_exam,"[""online_live"", ""online_recorded""]",on_sale,"[""exam_preparation"", ""job_hunting"", ""promotion""]","[""in_school_student"", ""working_professional"", ""job_seeker""]","[""junior_college"", ""undergraduate"", ""master""]",3280,4680
exam_prep,考试与升学线,police_auxiliary_exam_practice,警务辅警体测面试班,exam_prep,public_exam,police_auxiliary_exam,"[""online_live"", ""online_recorded""]",on_sale,"[""exam_preparation"", ""job_hunting"", ""promotion""]","[""in_school_student"", ""working_professional"", ""job_seeker""]","[""junior_college"", ""undergraduate"", ""master""]",4280,6080
exam_prep,考试与升学线,police_auxiliary_exam_advanced,警务辅警通关冲刺班,exam_prep,public_exam,police_auxiliary_exam,"[""online_live"", ""online_recorded""]",on_sale,"[""exam_preparation"", ""job_hunting"", ""promotion""]","[""in_school_student"", ""working_professional"", ""job_seeker""]","[""junior_college"", ""undergraduate"", ""master""]",4980,7080
exam_prep,考试与升学线,interview_training_foundation,结构化面试表达班,exam_prep,public_exam,interview_training,"[""online_live"", ""offline_face_to_face""]",on_sale,"[""exam_preparation"", ""job_hunting"", ""promotion""]","[""in_school_student"", ""working_professional"", ""job_seeker""]","[""junior_college"", ""undergraduate"", ""master""]",2980,4280
exam_prep,考试与升学线,interview_training_practice,无领导小组实战班,exam_prep,public_exam,interview_training,"[""online_live"", ""offline_face_to_face""]",on_sale,"[""exam_preparation"", ""job_hunting"", ""promotion""]","[""in_school_student"", ""working_professional"", ""job_seeker""]","[""junior_college"", ""undergraduate"", ""master""]",3980,5680
exam_prep,考试与升学线,interview_training_advanced,申论与面试联训班,exam_prep,public_exam,interview_training,"[""online_live"", ""offline_face_to_face""]",on_sale,"[""exam_preparation"", ""job_hunting"", ""promotion""]","[""in_school_student"", ""working_professional"", ""job_seeker""]","[""junior_college"", ""undergraduate"", ""master""]",4680,6480
exam_prep,考试与升学线,teacher_certificate_foundation,教师资格证笔试通关班,exam_prep,certificate_exam,teacher_certificate,"[""online_live"", ""online_recorded""]",on_sale,"[""certificate_exam"", ""skill_improvement"", ""job_hunting""]","[""in_school_student"", ""working_professional"", ""job_seeker""]","[""junior_college"", ""undergraduate"", ""master""]",2680,3980
exam_prep,考试与升学线,teacher_certificate_practice,教师资格证面试试讲班,exam_prep,certificate_exam,teacher_certificate,"[""online_live"", ""online_recorded""]",on_sale,"[""certificate_exam"", ""skill_improvement"", ""job_hunting""]","[""in_school_student"", ""working_professional"", ""job_seeker""]","[""junior_college"", ""undergraduate"", ""master""]",3380,4980
exam_prep,考试与升学线,teacher_certificate_advanced,教师资格证全程通关班,exam_prep,certificate_exam,teacher_certificate,"[""online_live"", ""online_recorded""]",on_sale,"[""certificate_exam"", ""skill_improvement"", ""job_hunting""]","[""in_school_student"", ""working_professional"", ""job_seeker""]","[""junior_college"", ""undergraduate"", ""master""]",4280,6180
exam_prep,考试与升学线,accounting_certificate_foundation,会计初级取证班,exam_prep,certificate_exam,accounting_certificate,"[""online_live"", ""online_recorded""]",on_sale,"[""certificate_exam"", ""skill_improvement"", ""job_hunting""]","[""in_school_student"", ""working_professional"", ""job_seeker""]","[""junior_college"", ""undergraduate"", ""master""]",2880,4180
exam_prep,考试与升学线,accounting_certificate_practice,会计中级实务班,exam_prep,certificate_exam,accounting_certificate,"[""online_live"", ""online_recorded""]",on_sale,"[""certificate_exam"", ""skill_improvement"", ""job_hunting""]","[""in_school_student"", ""working_professional"", ""job_seeker""]","[""junior_college"", ""undergraduate"", ""master""]",3980,5780
exam_prep,考试与升学线,accounting_certificate_advanced,财税证书冲刺班,exam_prep,certificate_exam,accounting_certificate,"[""online_live"", ""online_recorded""]",on_sale,"[""certificate_exam"", ""skill_improvement"", ""job_hunting""]","[""in_school_student"", ""working_professional"", ""job_seeker""]","[""junior_college"", ""undergraduate"", ""master""]",4680,6480
exam_prep,考试与升学线,construction_certificate_foundation,二建法规管理班,exam_prep,certificate_exam,construction_certificate,"[""online_live"", ""online_recorded""]",on_sale,"[""certificate_exam"", ""skill_improvement"", ""job_hunting""]","[""in_school_student"", ""working_professional"", ""job_seeker""]","[""junior_college"", ""undergraduate"", ""master""]",2980,4380
exam_prep,考试与升学线,construction_certificate_practice,一建实务强化班,exam_prep,certificate_exam,construction_certificate,"[""online_live"", ""online_recorded""]",on_sale,"[""certificate_exam"", ""skill_improvement"", ""job_hunting""]","[""in_school_student"", ""working_professional"", ""job_seeker""]","[""junior_college"", ""undergraduate"", ""master""]",4280,6280
exam_prep,考试与升学线,construction_certificate_advanced,建工证书冲刺通关班,exam_prep,certificate_exam,construction_certificate,"[""online_live"", ""online_recorded""]",on_sale,"[""certificate_exam"", ""skill_improvement"", ""job_hunting""]","[""in_school_student"", ""working_professional"", ""job_seeker""]","[""junior_college"", ""undergraduate"", ""master""]",4980,7180
exam_prep,考试与升学线,legal_certificate_foundation,法律资格基础班,exam_prep,certificate_exam,legal_certificate,"[""online_live"", ""online_recorded""]",on_sale,"[""certificate_exam"", ""skill_improvement"", ""job_hunting""]","[""in_school_student"", ""working_professional"", ""job_seeker""]","[""junior_college"", ""undergraduate"", ""master""]",3680,5280
exam_prep,考试与升学线,legal_certificate_practice,法律资格主观题班,exam_prep,certificate_exam,legal_certificate,"[""online_live"", ""online_recorded""]",on_sale,"[""certificate_exam"", ""skill_improvement"", ""job_hunting""]","[""in_school_student"", ""working_professional"", ""job_seeker""]","[""junior_college"", ""undergraduate"", ""master""]",4980,6980
exam_prep,考试与升学线,legal_certificate_advanced,法律资格冲刺通关班,exam_prep,certificate_exam,legal_certificate,"[""online_live"", ""online_recorded""]",on_sale,"[""certificate_exam"", ""skill_improvement"", ""job_hunting""]","[""in_school_student"", ""working_professional"", ""job_seeker""]","[""junior_college"", ""undergraduate"", ""master""]",5680,7880
exam_prep,考试与升学线,it_certificate_foundation,软考中级系统班,exam_prep,certificate_exam,it_certificate,"[""online_live"", ""online_recorded""]",on_sale,"[""certificate_exam"", ""skill_improvement"", ""job_hunting""]","[""in_school_student"", ""working_professional"", ""job_seeker""]","[""junior_college"", ""undergraduate"", ""master""]",3180,4580
exam_prep,考试与升学线,it_certificate_practice,软考高项项目班,exam_prep,certificate_exam,it_certificate,"[""online_live"", ""online_recorded""]",on_sale,"[""certificate_exam"", ""skill_improvement"", ""job_hunting""]","[""in_school_student"", ""working_professional"", ""job_seeker""]","[""junior_college"", ""undergraduate"", ""master""]",4580,6580
exam_prep,考试与升学线,it_certificate_advanced,IT证书冲刺班,exam_prep,certificate_exam,it_certificate,"[""online_live"", ""online_recorded""]",on_sale,"[""certificate_exam"", ""skill_improvement"", ""job_hunting""]","[""in_school_student"", ""working_professional"", ""job_seeker""]","[""junior_college"", ""undergraduate"", ""master""]",5280,7280
management,管理与组织能力线,first_line_management_foundation,班组长带人训练营,management,team_management,first_line_management,"[""online_live"", ""offline_face_to_face""]",on_sale,"[""promotion"", ""skill_improvement""]","[""working_professional""]",[],2680,3680
management,管理与组织能力线,first_line_management_practice,基层主管任务管理班,management,team_management,first_line_management,"[""online_live"", ""offline_face_to_face""]",on_sale,"[""promotion"", ""skill_improvement""]","[""working_professional""]",[],3680,5080
management,管理与组织能力线,first_line_management_advanced,基层管理晋升班,management,team_management,first_line_management,"[""online_live"", ""offline_face_to_face""]",on_sale,"[""promotion"", ""skill_improvement""]","[""working_professional""]",[],4680,6480
management,管理与组织能力线,project_management_foundation,项目管理入门班,management,team_management,project_management,"[""online_live"", ""offline_face_to_face""]",on_sale,"[""promotion"", ""skill_improvement""]","[""working_professional""]",[],2980,4180
management,管理与组织能力线,project_management_practice,项目经理实战班,management,team_management,project_management,"[""online_live"", ""offline_face_to_face""]",on_sale,"[""promotion"", ""skill_improvement""]","[""working_professional""]",[],4180,5780
management,管理与组织能力线,project_management_advanced,项目交付与复盘班,management,team_management,project_management,"[""online_live"", ""offline_face_to_face""]",on_sale,"[""promotion"", ""skill_improvement""]","[""working_professional""]",[],5280,7280
management,管理与组织能力线,cross_team_collaboration_foundation,跨部门协同沟通班,management,team_management,cross_team_collaboration,"[""online_live"", ""offline_face_to_face""]",on_sale,"[""promotion"", ""skill_improvement""]","[""working_professional""]",[],2480,3380
management,管理与组织能力线,cross_team_collaboration_practice,跨团队推进实战班,management,team_management,cross_team_collaboration,"[""online_live"", ""offline_face_to_face""]",on_sale,"[""promotion"", ""skill_improvement""]","[""working_professional""]",[],3480,4880
management,管理与组织能力线,cross_team_collaboration_advanced,协同管理进阶班,management,team_management,cross_team_collaboration,"[""online_live"", ""offline_face_to_face""]",on_sale,"[""promotion"", ""skill_improvement""]","[""working_professional""]",[],4480,6280
management,管理与组织能力线,leadership_growth_foundation,新晋经理领导力班,management,leadership_development,leadership_growth,"[""online_live"", ""offline_face_to_face""]",on_sale,"[""promotion"", ""skill_improvement""]","[""working_professional""]",[],3980,5480
management,管理与组织能力线,leadership_growth_practice,中层管理者带队班,management,leadership_development,leadership_growth,"[""online_live"", ""offline_face_to_face""]",on_sale,"[""promotion"", ""skill_improvement""]","[""working_professional""]",[],5180,7180
management,管理与组织能力线,leadership_growth_advanced,业务负责人领导力进阶班,management,leadership_development,leadership_growth,"[""online_live"", ""offline_face_to_face""]",on_sale,"[""promotion"", ""skill_improvement""]","[""working_professional""]",[],6380,8880
management,管理与组织能力线,talent_development_foundation,人才识别与培养班,management,leadership_development,talent_development,"[""online_live"", ""offline_face_to_face""]",on_sale,"[""promotion"", ""skill_improvement""]","[""working_professional""]",[],3680,4980
management,管理与组织能力线,talent_development_practice,教练式辅导实战班,management,leadership_development,talent_development,"[""online_live"", ""offline_face_to_face""]",on_sale,"[""promotion"", ""skill_improvement""]","[""working_professional""]",[],4680,6380
management,管理与组织能力线,talent_development_advanced,梯队建设进阶班,management,leadership_development,talent_development,"[""online_live"", ""offline_face_to_face""]",on_sale,"[""promotion"", ""skill_improvement""]","[""working_professional""]",[],5680,7880
management,管理与组织能力线,organizational_change_foundation,组织变革认知班,management,leadership_development,organizational_change,"[""online_live"", ""offline_face_to_face""]",on_sale,"[""promotion"", ""skill_improvement""]","[""working_professional""]",[],4280,5880
management,管理与组织能力线,organizational_change_practice,组织升级推动班,management,leadership_development,organizational_change,"[""online_live"", ""offline_face_to_face""]",on_sale,"[""promotion"", ""skill_improvement""]","[""working_professional""]",[],5480,7480
management,管理与组织能力线,organizational_change_advanced,变革领导进阶班,management,leadership_development,organizational_change,"[""online_live"", ""offline_face_to_face""]",on_sale,"[""promotion"", ""skill_improvement""]","[""working_professional""]",[],6680,9180
enterprise_training,企业培训与合规线,new_employee_training_foundation,新员工融入训练营,enterprise_training,general_enterprise_training,new_employee_training,"[""online_live"", ""offline_face_to_face""]",on_sale,"[""skill_improvement"", ""promotion""]","[""working_professional""]",[],1980,2880
enterprise_training,企业培训与合规线,new_employee_training_practice,新员工上岗实战班,enterprise_training,general_enterprise_training,new_employee_training,"[""online_live"", ""offline_face_to_face""]",on_sale,"[""skill_improvement"", ""promotion""]","[""working_professional""]",[],2980,4280
enterprise_training,企业培训与合规线,new_employee_training_advanced,管培生适应进阶班,enterprise_training,general_enterprise_training,new_employee_training,"[""online_live"", ""offline_face_to_face""]",on_sale,"[""skill_improvement"", ""promotion""]","[""working_professional""]",[],3980,5580
enterprise_training,企业培训与合规线,sales_training_foundation,销售新人开单班,enterprise_training,general_enterprise_training,sales_training,"[""online_live"", ""offline_face_to_face""]",on_sale,"[""skill_improvement"", ""promotion""]","[""working_professional""]",[],2680,3880
enterprise_training,企业培训与合规线,sales_training_practice,顾问式销售实战班,enterprise_training,general_enterprise_training,sales_training,"[""online_live"", ""offline_face_to_face""]",on_sale,"[""skill_improvement"", ""promotion""]","[""working_professional""]",[],3880,5480
enterprise_training,企业培训与合规线,sales_training_advanced,大客户成交进阶班,enterprise_training,general_enterprise_training,sales_training,"[""online_live"", ""offline_face_to_face""]",on_sale,"[""skill_improvement"", ""promotion""]","[""working_professional""]",[],5280,7380
enterprise_training,企业培训与合规线,customer_service_training_foundation,客服上岗训练班,enterprise_training,general_enterprise_training,customer_service_training,"[""online_live"", ""offline_face_to_face""]",on_sale,"[""skill_improvement"", ""promotion""]","[""working_professional""]",[],2280,3280
enterprise_training,企业培训与合规线,customer_service_training_practice,投诉处理实战班,enterprise_training,general_enterprise_training,customer_service_training,"[""online_live"", ""offline_face_to_face""]",on_sale,"[""skill_improvement"", ""promotion""]","[""working_professional""]",[],3280,4680
enterprise_training,企业培训与合规线,customer_service_training_advanced,服务质量提升班,enterprise_training,general_enterprise_training,customer_service_training,"[""online_live"", ""offline_face_to_face""]",on_sale,"[""skill_improvement"", ""promotion""]","[""working_professional""]",[],4280,5980
enterprise_training,企业培训与合规线,data_compliance_foundation,数据合规认知班,enterprise_training,compliance_and_safety,data_compliance,"[""online_live"", ""offline_face_to_face""]",on_sale,"[""skill_improvement"", ""promotion""]","[""working_professional"", ""freelancer""]",[],2880,4080
enterprise_training,企业培训与合规线,data_compliance_practice,隐私保护实务班,enterprise_training,compliance_and_safety,data_compliance,"[""online_live"", ""offline_face_to_face""]",on_sale,"[""skill_improvement"", ""promotion""]","[""working_professional"", ""freelancer""]",[],3980,5680
enterprise_training,企业培训与合规线,data_compliance_advanced,数据治理进阶班,enterprise_training,compliance_and_safety,data_compliance,"[""online_live"", ""offline_face_to_face""]",on_sale,"[""skill_improvement"", ""promotion""]","[""working_professional"", ""freelancer""]",[],5180,7280
enterprise_training,企业培训与合规线,workplace_safety_foundation,安全生产上岗班,enterprise_training,compliance_and_safety,workplace_safety,"[""offline_face_to_face"", ""online_recorded""]",on_sale,"[""skill_improvement"", ""promotion""]","[""working_professional""]",[],1980,2880
enterprise_training,企业培训与合规线,workplace_safety_practice,现场风险防控班,enterprise_training,compliance_and_safety,workplace_safety,"[""offline_face_to_face"", ""online_recorded""]",on_sale,"[""skill_improvement"", ""promotion""]","[""working_professional""]",[],2980,4380
enterprise_training,企业培训与合规线,workplace_safety_advanced,应急处置进阶班,enterprise_training,compliance_and_safety,workplace_safety,"[""offline_face_to_face"", ""online_recorded""]",on_sale,"[""skill_improvement"", ""promotion""]","[""working_professional""]",[],3980,5680
enterprise_training,企业培训与合规线,service_standard_foundation,服务标准建设班,enterprise_training,compliance_and_safety,service_standard,"[""online_live"", ""offline_face_to_face""]",on_sale,"[""skill_improvement"", ""promotion""]","[""working_professional""]",[],2180,3180
enterprise_training,企业培训与合规线,service_standard_practice,服务流程优化班,enterprise_training,compliance_and_safety,service_standard,"[""online_live"", ""offline_face_to_face""]",on_sale,"[""skill_improvement"", ""promotion""]","[""working_professional""]",[],3180,4580
enterprise_training,企业培训与合规线,service_standard_advanced,门店服务体验进阶班,enterprise_training,compliance_and_safety,service_standard,"[""online_live"", ""offline_face_to_face""]",on_sale,"[""skill_improvement"", ""promotion""]","[""working_professional""]",[],4180,5880
campus_growth,校园成长线,campus_employability_foundation,大学生就业启航班,campus_growth,college_growth,campus_employability,"[""online_live"", ""offline_face_to_face""]",on_sale,"[""skill_improvement"", ""job_hunting""]","[""in_school_student"", ""job_seeker""]","[""junior_college"", ""undergraduate""]",1880,2680
campus_growth,校园成长线,campus_employability_practice,简历面试突破班,campus_growth,college_growth,campus_employability,"[""online_live"", ""online_recorded""]",on_sale,"[""skill_improvement"", ""job_hunting""]","[""in_school_student"", ""job_seeker""]","[""junior_college"", ""undergraduate""]",2580,3580
campus_growth,校园成长线,campus_employability_advanced,校招拿Offer冲刺班,campus_growth,college_growth,campus_employability,"[""online_live"", ""offline_face_to_face""]",on_sale,"[""skill_improvement"", ""job_hunting""]","[""in_school_student"", ""job_seeker""]","[""junior_college"", ""undergraduate""]",3280,4580
campus_growth,校园成长线,internship_preparation_foundation,实习准备启航班,campus_growth,college_growth,internship_preparation,"[""online_live"", ""offline_face_to_face""]",on_sale,"[""job_hunting"", ""skill_improvement""]","[""in_school_student"", ""job_seeker""]","[""junior_college"", ""undergraduate"", ""master""]",1780,2580
campus_growth,校园成长线,internship_preparation_practice,实习申请实战班,campus_growth,college_growth,internship_preparation,"[""online_live"", ""online_recorded""]",on_sale,"[""job_hunting"", ""skill_improvement""]","[""in_school_student"", ""job_seeker""]","[""junior_college"", ""undergraduate"", ""master""]",2480,3480
campus_growth,校园成长线,internship_preparation_advanced,校招实习双线冲刺班,campus_growth,college_growth,internship_preparation,"[""online_live"", ""offline_face_to_face""]",on_sale,"[""job_hunting"", ""skill_improvement""]","[""in_school_student"", ""job_seeker""]","[""junior_college"", ""undergraduate"", ""master""]",3180,4480
campus_growth,校园成长线,academic_planning_foundation,学业规划启蒙班,campus_growth,college_growth,academic_planning,"[""online_live"", ""online_recorded""]",on_sale,"[""postgraduate_exam"", ""skill_improvement"", ""job_hunting""]","[""in_school_student""]","[""junior_college"", ""undergraduate"", ""master""]",2580,3580
campus_growth,校园成长线,academic_planning_practice,升学路径设计班,campus_growth,college_growth,academic_planning,"[""online_live"", ""offline_face_to_face""]",on_sale,"[""postgraduate_exam"", ""skill_improvement"", ""job_hunting""]","[""in_school_student""]","[""junior_college"", ""undergraduate"", ""master""]",3280,4680
campus_growth,校园成长线,academic_planning_advanced,保研考研规划班,campus_growth,college_growth,academic_planning,"[""online_live"", ""online_recorded""]",on_sale,"[""postgraduate_exam"", ""skill_improvement"", ""job_hunting""]","[""in_school_student""]","[""junior_college"", ""undergraduate"", ""master""]",3980,5680
campus_growth,校园成长线,senior_transition_foundation,初升高衔接班,campus_growth,middle_high_school_transition,senior_transition,"[""online_live"", ""offline_face_to_face""]",on_sale,"[""school_sync"", ""score_improvement""]","[""in_school_student""]","[""junior_middle"", ""senior_high""]",1680,2380
campus_growth,校园成长线,senior_transition_practice,高一适应提升班,campus_growth,middle_high_school_transition,senior_transition,"[""online_live"", ""online_recorded""]",on_sale,"[""school_sync"", ""score_improvement""]","[""in_school_student""]","[""junior_middle"", ""senior_high""]",2280,3180
campus_growth,校园成长线,senior_transition_advanced,高中关键学科突破班,campus_growth,middle_high_school_transition,senior_transition,"[""online_live"", ""offline_face_to_face""]",on_sale,"[""school_sync"", ""score_improvement""]","[""in_school_student""]","[""junior_middle"", ""senior_high""]",2980,4180
campus_growth,校园成长线,middle_high_school_math_foundation,中学数学同步班,campus_growth,middle_high_school_transition,middle_high_school_math,"[""online_live"", ""offline_face_to_face""]",on_sale,"[""school_sync"", ""score_improvement"", ""exam_preparation""]","[""in_school_student""]","[""junior_middle"", ""senior_high""]",1680,2480
campus_growth,校园成长线,middle_high_school_math_practice,中高考数学提分班,campus_growth,middle_high_school_transition,middle_high_school_math,"[""online_live"", ""online_recorded""]",on_sale,"[""school_sync"", ""score_improvement"", ""exam_preparation""]","[""in_school_student""]","[""junior_middle"", ""senior_high""]",2280,3280
campus_growth,校园成长线,middle_high_school_math_advanced,高中数学专题突破班,campus_growth,middle_high_school_transition,middle_high_school_math,"[""online_live"", ""offline_face_to_face""]",on_sale,"[""school_sync"", ""score_improvement"", ""exam_preparation""]","[""in_school_student""]","[""junior_middle"", ""senior_high""]",2980,4280
campus_growth,校园成长线,middle_high_school_english_foundation,中学英语同步班,campus_growth,middle_high_school_transition,middle_high_school_english,"[""online_live"", ""offline_face_to_face""]",on_sale,"[""school_sync"", ""score_improvement"", ""exam_preparation""]","[""in_school_student""]","[""junior_middle"", ""senior_high""]",1680,2480
campus_growth,校园成长线,middle_high_school_english_practice,中高考英语提分班,campus_growth,middle_high_school_transition,middle_high_school_english,"[""online_live"", ""online_recorded""]",on_sale,"[""school_sync"", ""score_improvement"", ""exam_preparation""]","[""in_school_student""]","[""junior_middle"", ""senior_high""]",2280,3280
campus_growth,校园成长线,middle_high_school_english_advanced,高中英语阅读写作班,campus_growth,middle_high_school_transition,middle_high_school_english,"[""online_live"", ""offline_face_to_face""]",on_sale,"[""school_sync"", ""score_improvement"", ""exam_preparation""]","[""in_school_student""]","[""junior_middle"", ""senior_high""]",2980,4280
campus_growth,校园成长线,middle_high_school_physics_foundation,中学物理同步班,campus_growth,middle_high_school_transition,middle_high_school_physics,"[""online_live"", ""offline_face_to_face""]",on_sale,"[""school_sync"", ""score_improvement"", ""exam_preparation""]","[""in_school_student""]","[""junior_middle"", ""senior_high""]",1780,2580
campus_growth,校园成长线,middle_high_school_physics_practice,中高考物理提分班,campus_growth,middle_high_school_transition,middle_high_school_physics,"[""online_live"", ""online_recorded""]",on_sale,"[""school_sync"", ""score_improvement"", ""exam_preparation""]","[""in_school_student""]","[""junior_middle"", ""senior_high""]",2380,3480
campus_growth,校园成长线,middle_high_school_physics_advanced,高中物理模型突破班,campus_growth,middle_high_school_transition,middle_high_school_physics,"[""online_live"", ""offline_face_to_face""]",on_sale,"[""school_sync"", ""score_improvement"", ""exam_preparation""]","[""in_school_student""]","[""junior_middle"", ""senior_high""]",3080,4380
campus_growth,校园成长线,middle_high_school_chemistry_foundation,中学化学同步班,campus_growth,middle_high_school_transition,middle_high_school_chemistry,"[""online_live"", ""offline_face_to_face""]",on_sale,"[""school_sync"", ""score_improvement"", ""exam_preparation""]","[""in_school_student""]","[""junior_middle"", ""senior_high""]",1780,2580
campus_growth,校园成长线,middle_high_school_chemistry_practice,中高考化学提分班,campus_growth,middle_high_school_transition,middle_high_school_chemistry,"[""online_live"", ""online_recorded""]",on_sale,"[""school_sync"", ""score_improvement"", ""exam_preparation""]","[""in_school_student""]","[""junior_middle"", ""senior_high""]",2380,3480
campus_growth,校园成长线,middle_high_school_chemistry_advanced,高中化学原理突破班,campus_growth,middle_high_school_transition,middle_high_school_chemistry,"[""online_live"", ""offline_face_to_face""]",on_sale,"[""school_sync"", ""score_improvement"", ""exam_preparation""]","[""in_school_student""]","[""junior_middle"", ""senior_high""]",3080,4380
campus_growth,校园成长线,middle_high_school_informatics_foundation,信息科技启蒙班,campus_growth,middle_high_school_transition,middle_high_school_informatics,"[""online_live"", ""online_recorded""]",on_sale,"[""interest_learning"", ""skill_improvement"", ""exam_preparation""]","[""in_school_student""]","[""junior_middle"", ""senior_high""]",1680,2480
campus_growth,校园成长线,middle_high_school_informatics_practice,编程素养提升班,campus_growth,middle_high_school_transition,middle_high_school_informatics,"[""online_live"", ""offline_face_to_face""]",on_sale,"[""interest_learning"", ""skill_improvement"", ""exam_preparation""]","[""in_school_student""]","[""junior_middle"", ""senior_high""]",2280,3280
campus_growth,校园成长线,middle_high_school_informatics_advanced,信息学竞赛入门班,campus_growth,middle_high_school_transition,middle_high_school_informatics,"[""online_live"", ""online_recorded""]",on_sale,"[""interest_learning"", ""skill_improvement"", ""exam_preparation""]","[""in_school_student""]","[""junior_middle"", ""senior_high""]",2980,4180
