question_bank_code,question_bank_name,product_code,product_name,category_level1_code,category_level2_code,category_level3_code,target_grade_codes,target_learning_goal_codes,target_learner_identity_codes,delivery_mode_codes,question_mix,content_tags,question_styles,source_series_names
general_purpose_programming_bank,通用程序设计题库,computer_science_core,计算机科学能力线,computer_science,programming_languages,general_purpose_programming,"[""junior_college"", ""undergraduate""]","[""career_switch"", ""job_hunting"", ""skill_improvement""]","[""in_school_student"", ""job_seeker"", ""working_professional""]","[""online_live"", ""online_recorded""]","{""single_choice"": 28, ""multiple_choice"": 12, ""true_false"": 10, ""short_answer"": 20}","[""通用程序设计"", ""编程语言"", ""基础概念"", ""关键流程"", ""常见误区""]","[""概念辨析"", ""代码阅读"", ""场景应用"", ""综合分析""]","[""通用编程入门班"", ""通用编程项目班"", ""通用编程就业强化班""]"
systems_programming_bank,系统级编程题库,computer_science_core,计算机科学能力线,computer_science,programming_languages,systems_programming,"[""master"", ""undergraduate""]","[""career_switch"", ""promotion"", ""skill_improvement""]","[""job_seeker"", ""working_professional""]","[""online_live"", ""online_recorded""]","{""single_choice"": 28, ""multiple_choice"": 12, ""true_false"": 10, ""short_answer"": 20}","[""系统级编程"", ""编程语言"", ""基础概念"", ""关键流程"", ""常见误区""]","[""概念辨析"", ""代码阅读"", ""场景应用"", ""综合分析""]","[""系统级编程基础班"", ""系统编程实战班"", ""Linux系统开发进阶班""]"
scripting_and_automation_bank,脚本与自动化编程题库,computer_science_core,计算机科学能力线,computer_science,programming_languages,scripting_and_automation,"[""junior_college"", ""undergraduate""]","[""career_switch"", ""promotion"", ""skill_improvement""]","[""freelancer"", ""job_seeker"", ""working_professional""]","[""online_live"", ""online_recorded""]","{""single_choice"": 28, ""multiple_choice"": 12, ""true_false"": 10, ""short_answer"": 20}","[""脚本与自动化编程"", ""编程语言"", ""基础概念"", ""关键流程"", ""常见误区""]","[""概念辨析"", ""代码阅读"", ""场景应用"", ""综合分析""]","[""脚本自动化入门班"", ""办公与运维自动化班"", ""自动化工具开发班""]"
web_programming_languages_bank,Web编程语言题库,computer_science_core,计算机科学能力线,computer_science,programming_languages,web_programming_languages,"[""junior_college"", ""undergraduate""]","[""career_switch"", ""job_hunting"", ""skill_improvement""]","[""in_school_student"", ""job_seeker"", ""working_professional""]","[""online_live"", ""online_recorded""]","{""single_choice"": 28, ""multiple_choice"": 12, ""true_false"": 10, ""short_answer"": 20}","[""Web编程语言"", ""编程语言"", ""基础概念"", ""关键流程"", ""常见误区""]","[""概念辨析"", ""代码阅读"", ""场景应用"", ""综合分析""]","[""Web开发语言入门班"", ""JavaScript核心实战班"", ""TypeScript工程进阶班""]"
low_level_programming_bank,底层与低级语言题库,computer_science_core,计算机科学能力线,computer_science,programming_languages,low_level_programming,"[""master"", ""undergraduate""]","[""job_hunting"", ""promotion"", ""skill_improvement""]","[""job_seeker"", ""working_professional""]","[""online_live"", ""online_recorded""]","{""single_choice"": 28, ""multiple_choice"": 12, ""true_false"": 10, ""short_answer"": 20}","[""底层与低级语言"", ""编程语言"", ""基础概念"", ""关键流程"", ""常见误区""]","[""概念辨析"", ""代码阅读"", ""场景应用"", ""综合分析""]","[""底层语言基础班"", ""底层性能优化班"", ""底层开发专项班""]"
frontend_development_bank,前端开发题库,computer_science_core,计算机科学能力线,computer_science,web_development,frontend_development,"[""junior_college"", ""undergraduate""]","[""career_switch"", ""job_hunting"", ""skill_improvement""]","[""in_school_student"", ""job_seeker"", ""working_professional""]","[""online_live"", ""online_recorded""]","{""single_choice"": 28, ""multiple_choice"": 12, ""true_false"": 10, ""short_answer"": 20}","[""前端开发"", ""Web开发"", ""基础概念"", ""关键流程"", ""常见误区""]","[""概念辨析"", ""代码阅读"", ""场景应用"", ""综合分析""]","[""前端开发基础班"", ""前端工程化项目班"", ""前端高阶就业班""]"
backend_development_bank,后端开发题库,computer_science_core,计算机科学能力线,computer_science,web_development,backend_development,"[""master"", ""undergraduate""]","[""job_hunting"", ""promotion"", ""skill_improvement""]","[""in_school_student"", ""job_seeker"", ""working_professional""]","[""online_live"", ""online_recorded""]","{""single_choice"": 28, ""multiple_choice"": 12, ""true_false"": 10, ""short_answer"": 20}","[""后端开发"", ""Web开发"", ""基础概念"", ""关键流程"", ""常见误区""]","[""概念辨析"", ""代码阅读"", ""场景应用"", ""综合分析""]","[""后端开发基础班"", ""后端服务项目班"", ""后端架构进阶班""]"
fullstack_development_bank,全栈开发题库,computer_science_core,计算机科学能力线,computer_science,web_development,fullstack_development,"[""junior_college"", ""undergraduate""]","[""career_switch"", ""job_hunting"", ""skill_improvement""]","[""in_school_student"", ""job_seeker"", ""working_professional""]","[""offline_face_to_face"", ""online_live""]","{""single_choice"": 28, ""multiple_choice"": 12, ""true_false"": 10, ""short_answer"": 20}","[""全栈开发"", ""Web开发"", ""基础概念"", ""关键流程"", ""常见误区""]","[""概念辨析"", ""代码阅读"", ""场景应用"", ""综合分析""]","[""全栈开发系统班"", ""全栈项目实战班"", ""全栈工程师就业班""]"
network_and_communication_systems_bank,网络与通信系统题库,computer_science_core,计算机科学能力线,computer_science,computer_systems,network_and_communication_systems,"[""master"", ""undergraduate""]","[""job_hunting"", ""promotion"", ""skill_improvement""]","[""job_seeker"", ""working_professional""]","[""online_live"", ""online_recorded""]","{""single_choice"": 28, ""multiple_choice"": 12, ""true_false"": 10, ""short_answer"": 20}","[""网络与通信系统"", ""计算机系统"", ""基础概念"", ""关键流程"", ""常见误区""]","[""概念辨析"", ""代码阅读"", ""场景应用"", ""综合分析""]","[""计算机网络基础班"", ""网络协议实战班"", ""网络工程进阶班""]"
operating_and_runtime_systems_bank,操作系统与运行时题库,computer_science_core,计算机科学能力线,computer_science,computer_systems,operating_and_runtime_systems,"[""doctor"", ""master"", ""undergraduate""]","[""job_hunting"", ""promotion"", ""skill_improvement""]","[""job_seeker"", ""working_professional""]","[""online_live"", ""online_recorded""]","{""single_choice"": 28, ""multiple_choice"": 12, ""true_false"": 10, ""short_answer"": 20}","[""操作系统与运行时"", ""计算机系统"", ""基础概念"", ""关键流程"", ""常见误区""]","[""概念辨析"", ""代码阅读"", ""场景应用"", ""综合分析""]","[""操作系统基础班"", ""操作系统实现班"", ""运行时与内核进阶班""]"
data_storage_systems_bank,数据存储系统题库,computer_science_core,计算机科学能力线,computer_science,computer_systems,data_storage_systems,"[""junior_college"", ""master"", ""undergraduate""]","[""job_hunting"", ""promotion"", ""skill_improvement""]","[""in_school_student"", ""job_seeker"", ""working_professional""]","[""online_live"", ""online_recorded""]","{""single_choice"": 28, ""multiple_choice"": 12, ""true_false"": 10, ""short_answer"": 20}","[""数据存储系统"", ""计算机系统"", ""基础概念"", ""关键流程"", ""常见误区""]","[""概念辨析"", ""代码阅读"", ""场景应用"", ""综合分析""]","[""数据库基础班"", ""数据库开发实战班"", ""数据库架构优化班""]"
compiler_and_language_systems_bank,编译与语言系统题库,computer_science_core,计算机科学能力线,computer_science,computer_systems,compiler_and_language_systems,"[""master"", ""undergraduate""]","[""job_hunting"", ""promotion"", ""skill_improvement""]","[""in_school_student"", ""working_professional""]","[""online_live"", ""online_recorded""]","{""single_choice"": 28, ""multiple_choice"": 12, ""true_false"": 10, ""short_answer"": 20}","[""编译与语言系统"", ""计算机系统"", ""基础概念"", ""关键流程"", ""常见误区""]","[""概念辨析"", ""代码阅读"", ""场景应用"", ""综合分析""]","[""编译原理基础班"", ""解释器实现班"", ""编译器工程进阶班""]"
distributed_and_cloud_systems_bank,分布式与云系统题库,computer_science_core,计算机科学能力线,computer_science,computer_systems,distributed_and_cloud_systems,"[""master"", ""undergraduate""]","[""job_hunting"", ""promotion"", ""skill_improvement""]","[""job_seeker"", ""working_professional""]","[""online_live"", ""online_recorded""]","{""single_choice"": 28, ""multiple_choice"": 12, ""true_false"": 10, ""short_answer"": 20}","[""分布式与云系统"", ""计算机系统"", ""基础概念"", ""关键流程"", ""常见误区""]","[""概念辨析"", ""代码阅读"", ""场景应用"", ""综合分析""]","[""分布式系统基础班"", ""云原生实战班"", ""分布式架构进阶班""]"
data_analysis_and_visualization_bank,数据分析与可视化题库,computer_science_expansion,计算机技术拓展线,computer_science,data_and_ai,data_analysis_and_visualization,"[""junior_college"", ""undergraduate""]","[""job_hunting"", ""promotion"", ""skill_improvement""]","[""in_school_student"", ""job_seeker"", ""working_professional""]","[""online_live"", ""online_recorded""]","{""single_choice"": 24, ""multiple_choice"": 12, ""true_false"": 8, ""short_answer"": 20}","[""数据分析与可视化"", ""数据与人工智能"", ""基础概念"", ""关键流程"", ""常见误区""]","[""概念辨析"", ""案例应用"", ""方案分析"", ""综合分析""]","[""数据分析求职班"", ""商业分析项目班"", ""数据可视化进阶班""]"
data_engineering_bank,数据工程题库,computer_science_expansion,计算机技术拓展线,computer_science,data_and_ai,data_engineering,"[""master"", ""undergraduate""]","[""job_hunting"", ""promotion"", ""skill_improvement""]","[""in_school_student"", ""job_seeker"", ""working_professional""]","[""online_live"", ""online_recorded""]","{""single_choice"": 24, ""multiple_choice"": 12, ""true_false"": 8, ""short_answer"": 20}","[""数据工程"", ""数据与人工智能"", ""基础概念"", ""关键流程"", ""常见误区""]","[""概念辨析"", ""案例应用"", ""方案分析"", ""综合分析""]","[""数据工程基础班"", ""数仓开发实战班"", ""湖仓平台进阶班""]"
machine_learning_methods_bank,机器学习方法题库,computer_science_expansion,计算机技术拓展线,computer_science,data_and_ai,machine_learning_methods,"[""master"", ""undergraduate""]","[""job_hunting"", ""promotion"", ""skill_improvement""]","[""in_school_student"", ""job_seeker"", ""working_professional""]","[""online_live"", ""online_recorded""]","{""single_choice"": 24, ""multiple_choice"": 12, ""true_false"": 8, ""short_answer"": 20}","[""机器学习方法"", ""数据与人工智能"", ""基础概念"", ""关键流程"", ""常见误区""]","[""概念辨析"", ""案例应用"", ""方案分析"", ""综合分析""]","[""机器学习基础班"", ""机器学习项目班"", ""机器学习算法进阶班""]"
deep_learning_and_perception_bank,深度学习与感知智能题库,computer_science_expansion,计算机技术拓展线,computer_science,data_and_ai,deep_learning_and_perception,"[""doctor"", ""master"", ""undergraduate""]","[""job_hunting"", ""promotion"", ""skill_improvement""]","[""in_school_student"", ""job_seeker"", ""working_professional""]","[""online_live"", ""online_recorded""]","{""single_choice"": 24, ""multiple_choice"": 12, ""true_false"": 8, ""short_answer"": 20}","[""深度学习与感知智能"", ""数据与人工智能"", ""基础概念"", ""关键流程"", ""常见误区""]","[""概念辨析"", ""案例应用"", ""方案分析"", ""综合分析""]","[""深度学习基础班"", ""视觉感知项目班"", ""训练部署进阶班""]"
foundation_models_and_agents_bank,基础模型与智能体题库,computer_science_expansion,计算机技术拓展线,computer_science,data_and_ai,foundation_models_and_agents,"[""doctor"", ""master"", ""undergraduate""]","[""job_hunting"", ""promotion"", ""skill_improvement""]","[""in_school_student"", ""job_seeker"", ""working_professional""]","[""online_live"", ""online_recorded""]","{""single_choice"": 24, ""multiple_choice"": 12, ""true_false"": 8, ""short_answer"": 20}","[""基础模型与智能体"", ""数据与人工智能"", ""基础概念"", ""关键流程"", ""常见误区""]","[""概念辨析"", ""案例应用"", ""方案分析"", ""综合分析""]","[""大模型应用开发班"", ""Agent工作流实战班"", ""大模型微调部署班""]"
graphics_rendering_pipeline_bank,图形与渲染管线题库,computer_science_expansion,计算机技术拓展线,computer_science,graphics_and_games,graphics_rendering_pipeline,"[""junior_college"", ""master"", ""undergraduate""]","[""interest_learning"", ""job_hunting"", ""skill_improvement""]","[""freelancer"", ""in_school_student"", ""working_professional""]","[""offline_face_to_face"", ""online_live""]","{""single_choice"": 24, ""multiple_choice"": 12, ""true_false"": 8, ""short_answer"": 20}","[""图形与渲染管线"", ""图形与游戏技术"", ""基础概念"", ""关键流程"", ""常见误区""]","[""概念辨析"", ""案例应用"", ""方案分析"", ""综合分析""]","[""图形渲染基础班"", ""渲染管线实战班"", ""图形引擎进阶班""]"
real_time_rendering_bank,实时渲染题库,computer_science_expansion,计算机技术拓展线,computer_science,graphics_and_games,real_time_rendering,"[""master"", ""undergraduate""]","[""interest_learning"", ""job_hunting"", ""skill_improvement""]","[""freelancer"", ""in_school_student"", ""working_professional""]","[""offline_face_to_face"", ""online_live""]","{""single_choice"": 24, ""multiple_choice"": 12, ""true_false"": 8, ""short_answer"": 20}","[""实时渲染"", ""图形与游戏技术"", ""基础概念"", ""关键流程"", ""常见误区""]","[""概念辨析"", ""案例应用"", ""方案分析"", ""综合分析""]","[""实时渲染基础班"", ""实时渲染效果班"", ""GPU渲染优化班""]"
simulation_and_physics_bank,仿真与物理系统题库,computer_science_expansion,计算机技术拓展线,computer_science,graphics_and_games,simulation_and_physics,"[""doctor"", ""master"", ""undergraduate""]","[""interest_learning"", ""job_hunting"", ""skill_improvement""]","[""freelancer"", ""in_school_student"", ""working_professional""]","[""offline_face_to_face"", ""online_live""]","{""single_choice"": 24, ""multiple_choice"": 12, ""true_false"": 8, ""short_answer"": 20}","[""仿真与物理系统"", ""图形与游戏技术"", ""基础概念"", ""关键流程"", ""常见误区""]","[""概念辨析"", ""案例应用"", ""方案分析"", ""综合分析""]","[""仿真物理基础班"", ""物理引擎实战班"", ""数值仿真进阶班""]"
interactive_media_and_games_bank,交互媒体与游戏题库,computer_science_expansion,计算机技术拓展线,computer_science,graphics_and_games,interactive_media_and_games,"[""junior_college"", ""master"", ""undergraduate""]","[""interest_learning"", ""job_hunting"", ""skill_improvement""]","[""freelancer"", ""in_school_student"", ""working_professional""]","[""offline_face_to_face"", ""online_live""]","{""single_choice"": 24, ""multiple_choice"": 12, ""true_false"": 8, ""short_answer"": 20}","[""交互媒体与游戏"", ""图形与游戏技术"", ""基础概念"", ""关键流程"", ""常见误区""]","[""概念辨析"", ""案例应用"", ""方案分析"", ""综合分析""]","[""游戏开发基础班"", ""交互设计项目班"", ""游戏系统设计进阶班""]"
analysis_foundations_bank,分析学基础题库,mathematics,数学基础与进阶线,mathematics,basic_mathematics,analysis_foundations,"[""junior_middle"", ""senior_high"", ""undergraduate""]","[""exam_preparation"", ""school_sync"", ""score_improvement""]","[""in_school_student""]","[""online_live"", ""online_recorded""]","{""single_choice"": 20, ""multiple_choice"": 10, ""true_false"": 10, ""short_answer"": 30}","[""分析学基础"", ""基础数学"", ""核心概念"", ""典型题型"", ""解题步骤""]","[""基础概念"", ""公式推导"", ""步骤计算"", ""综合证明""]","[""分析学同步提升班"", ""极限与连续专题班"", ""分析证明进阶班""]"
algebra_foundations_bank,代数学基础题库,mathematics,数学基础与进阶线,mathematics,basic_mathematics,algebra_foundations,"[""senior_high"", ""undergraduate""]","[""exam_preparation"", ""school_sync"", ""score_improvement""]","[""in_school_student""]","[""online_live"", ""online_recorded""]","{""single_choice"": 20, ""multiple_choice"": 10, ""true_false"": 10, ""short_answer"": 30}","[""代数学基础"", ""基础数学"", ""核心概念"", ""典型题型"", ""解题步骤""]","[""基础概念"", ""公式推导"", ""步骤计算"", ""综合证明""]","[""代数基础提升班"", ""线性代数强化班"", ""代数结构进阶班""]"
geometry_foundations_bank,几何学基础题库,mathematics,数学基础与进阶线,mathematics,basic_mathematics,geometry_foundations,"[""junior_middle"", ""senior_high"", ""undergraduate""]","[""exam_preparation"", ""school_sync"", ""score_improvement""]","[""in_school_student""]","[""online_live"", ""online_recorded""]","{""single_choice"": 20, ""multiple_choice"": 10, ""true_false"": 10, ""short_answer"": 30}","[""几何学基础"", ""基础数学"", ""核心概念"", ""典型题型"", ""解题步骤""]","[""基础概念"", ""公式推导"", ""步骤计算"", ""综合证明""]","[""几何同步提高班"", ""解析几何专题班"", ""几何证明拔高班""]"
calculus_and_sequences_bank,微积分与数列极限题库,mathematics,数学基础与进阶线,mathematics,basic_mathematics,calculus_and_sequences,"[""senior_high"", ""undergraduate""]","[""exam_preparation"", ""school_sync"", ""score_improvement""]","[""in_school_student""]","[""online_live"", ""online_recorded""]","{""single_choice"": 20, ""multiple_choice"": 10, ""true_false"": 10, ""short_answer"": 30}","[""微积分与数列极限"", ""基础数学"", ""核心概念"", ""典型题型"", ""解题步骤""]","[""基础概念"", ""公式推导"", ""步骤计算"", ""综合证明""]","[""微积分基础班"", ""数列极限强化班"", ""微积分综合进阶班""]"
proof_and_logic_bank,数学证明与逻辑题库,mathematics,数学基础与进阶线,mathematics,basic_mathematics,proof_and_logic,"[""senior_high"", ""undergraduate""]","[""exam_preparation"", ""school_sync"", ""score_improvement""]","[""in_school_student""]","[""online_live"", ""online_recorded""]","{""single_choice"": 20, ""multiple_choice"": 10, ""true_false"": 10, ""short_answer"": 30}","[""数学证明与逻辑"", ""基础数学"", ""核心概念"", ""典型题型"", ""解题步骤""]","[""基础概念"", ""公式推导"", ""步骤计算"", ""综合证明""]","[""数学证明入门班"", ""逻辑推理强化班"", ""证明写作进阶班""]"
probability_and_statistics_bank,概率与统计方法题库,mathematics,数学基础与进阶线,mathematics,applied_mathematics,probability_and_statistics,"[""master"", ""undergraduate""]","[""exam_preparation"", ""promotion"", ""skill_improvement""]","[""in_school_student"", ""working_professional""]","[""online_live"", ""online_recorded""]","{""single_choice"": 20, ""multiple_choice"": 10, ""true_false"": 10, ""short_answer"": 30}","[""概率与统计方法"", ""应用数学"", ""核心概念"", ""典型题型"", ""解题步骤""]","[""基础概念"", ""公式推导"", ""步骤计算"", ""综合证明""]","[""概率统计基础班"", ""统计建模实战班"", ""概率统计进阶班""]"
operations_research_bank,运筹优化题库,mathematics,数学基础与进阶线,mathematics,applied_mathematics,operations_research,"[""master"", ""undergraduate""]","[""exam_preparation"", ""promotion"", ""skill_improvement""]","[""in_school_student"", ""working_professional""]","[""online_live"", ""online_recorded""]","{""single_choice"": 20, ""multiple_choice"": 10, ""true_false"": 10, ""short_answer"": 30}","[""运筹优化"", ""应用数学"", ""核心概念"", ""典型题型"", ""解题步骤""]","[""基础概念"", ""公式推导"", ""步骤计算"", ""综合证明""]","[""运筹优化基础班"", ""优化建模实战班"", ""决策分析进阶班""]"
numerical_and_computational_methods_bank,数值与计算方法题库,mathematics,数学基础与进阶线,mathematics,applied_mathematics,numerical_and_computational_methods,"[""doctor"", ""master"", ""undergraduate""]","[""exam_preparation"", ""promotion"", ""skill_improvement""]","[""in_school_student"", ""working_professional""]","[""online_live"", ""online_recorded""]","{""single_choice"": 20, ""multiple_choice"": 10, ""true_false"": 10, ""short_answer"": 30}","[""数值与计算方法"", ""应用数学"", ""核心概念"", ""典型题型"", ""解题步骤""]","[""基础概念"", ""公式推导"", ""步骤计算"", ""综合证明""]","[""数值计算基础班"", ""数值分析编程班"", ""科学计算进阶班""]"
modeling_and_simulation_bank,建模与仿真题库,mathematics,数学基础与进阶线,mathematics,applied_mathematics,modeling_and_simulation,"[""master"", ""undergraduate""]","[""exam_preparation"", ""job_hunting"", ""skill_improvement""]","[""in_school_student"", ""working_professional""]","[""online_live"", ""online_recorded""]","{""single_choice"": 20, ""multiple_choice"": 10, ""true_false"": 10, ""short_answer"": 30}","[""建模与仿真"", ""应用数学"", ""核心概念"", ""典型题型"", ""解题步骤""]","[""基础概念"", ""公式推导"", ""步骤计算"", ""综合证明""]","[""数学建模入门班"", ""建模竞赛训练班"", ""仿真建模进阶班""]"
data_and_quantitative_analysis_bank,数据与定量分析题库,mathematics,数学基础与进阶线,mathematics,applied_mathematics,data_and_quantitative_analysis,"[""master"", ""undergraduate""]","[""job_hunting"", ""promotion"", ""skill_improvement""]","[""in_school_student"", ""working_professional""]","[""online_live"", ""online_recorded""]","{""single_choice"": 20, ""multiple_choice"": 10, ""true_false"": 10, ""short_answer"": 30}","[""数据与定量分析"", ""应用数学"", ""核心概念"", ""典型题型"", ""解题步骤""]","[""基础概念"", ""公式推导"", ""步骤计算"", ""综合证明""]","[""定量分析基础班"", ""数据分析建模班"", ""商业量化分析进阶班""]"
modern_analysis_bank,现代分析理论题库,mathematics,数学基础与进阶线,mathematics,modern_mathematics,modern_analysis,"[""doctor"", ""master"", ""undergraduate""]","[""exam_preparation"", ""promotion"", ""skill_improvement""]","[""in_school_student"", ""working_professional""]","[""online_live"", ""online_recorded""]","{""single_choice"": 20, ""multiple_choice"": 10, ""true_false"": 10, ""short_answer"": 30}","[""现代分析理论"", ""现代数学"", ""核心概念"", ""典型题型"", ""解题步骤""]","[""基础概念"", ""公式推导"", ""步骤计算"", ""综合证明""]","[""现代分析导论班"", ""实分析进阶班"", ""泛函分析专题班""]"
modern_algebra_bank,现代代数理论题库,mathematics,数学基础与进阶线,mathematics,modern_mathematics,modern_algebra,"[""doctor"", ""master"", ""undergraduate""]","[""exam_preparation"", ""promotion"", ""skill_improvement""]","[""in_school_student"", ""working_professional""]","[""online_live"", ""online_recorded""]","{""single_choice"": 20, ""multiple_choice"": 10, ""true_false"": 10, ""short_answer"": 30}","[""现代代数理论"", ""现代数学"", ""核心概念"", ""典型题型"", ""解题步骤""]","[""基础概念"", ""公式推导"", ""步骤计算"", ""综合证明""]","[""现代代数导论班"", ""群环域进阶班"", ""现代代数专题班""]"
geometry_and_topology_bank,几何与拓扑题库,mathematics,数学基础与进阶线,mathematics,modern_mathematics,geometry_and_topology,"[""doctor"", ""master"", ""undergraduate""]","[""exam_preparation"", ""promotion"", ""skill_improvement""]","[""in_school_student"", ""working_professional""]","[""online_live"", ""online_recorded""]","{""single_choice"": 20, ""multiple_choice"": 10, ""true_false"": 10, ""short_answer"": 30}","[""几何与拓扑"", ""现代数学"", ""核心概念"", ""典型题型"", ""解题步骤""]","[""基础概念"", ""公式推导"", ""步骤计算"", ""综合证明""]","[""几何拓扑导论班"", ""拓扑空间进阶班"", ""微分几何专题班""]"
discrete_and_combinatorial_math_bank,离散与组合数学题库,mathematics,数学基础与进阶线,mathematics,modern_mathematics,discrete_and_combinatorial_math,"[""doctor"", ""master"", ""undergraduate""]","[""exam_preparation"", ""promotion"", ""skill_improvement""]","[""in_school_student"", ""working_professional""]","[""online_live"", ""online_recorded""]","{""single_choice"": 20, ""multiple_choice"": 10, ""true_false"": 10, ""short_answer"": 30}","[""离散与组合数学"", ""现代数学"", ""核心概念"", ""典型题型"", ""解题步骤""]","[""基础概念"", ""公式推导"", ""步骤计算"", ""综合证明""]","[""离散数学基础班"", ""组合数学强化班"", ""图论算法进阶班""]"
interdisciplinary_mathematics_bank,交叉数学方向题库,mathematics,数学基础与进阶线,mathematics,modern_mathematics,interdisciplinary_mathematics,"[""master"", ""undergraduate""]","[""job_hunting"", ""promotion"", ""skill_improvement""]","[""in_school_student"", ""working_professional""]","[""online_live"", ""online_recorded""]","{""single_choice"": 20, ""multiple_choice"": 10, ""true_false"": 10, ""short_answer"": 30}","[""交叉数学方向"", ""现代数学"", ""核心概念"", ""典型题型"", ""解题步骤""]","[""基础概念"", ""公式推导"", ""步骤计算"", ""综合证明""]","[""交叉数学导论班"", ""数学应用建模班"", ""数学跨学科项目班""]"
postgraduate_math_bank,考研数学题库,exam_prep,考试与升学线,exam_prep,postgraduate_exam,postgraduate_math,"[""master"", ""undergraduate""]","[""exam_preparation"", ""postgraduate_exam"", ""score_improvement""]","[""in_school_student"", ""job_seeker"", ""working_professional""]","[""online_live"", ""online_recorded""]","{""single_choice"": 24, ""multiple_choice"": 8, ""true_false"": 8, ""short_answer"": 30}","[""考研数学"", ""考研备考"", ""高频考点"", ""常见错因"", ""真题变式""]","[""真题改编"", ""考点辨析"", ""步骤推导"", ""综合解答""]","[""考研数学全程系统班"", ""考研数学强化刷题班"", ""考研数学冲刺模考班""]"
postgraduate_english_bank,考研英语题库,exam_prep,考试与升学线,exam_prep,postgraduate_exam,postgraduate_english,"[""master"", ""undergraduate""]","[""exam_preparation"", ""postgraduate_exam"", ""score_improvement""]","[""in_school_student"", ""job_seeker"", ""working_professional""]","[""online_live"", ""online_recorded""]","{""single_choice"": 24, ""multiple_choice"": 8, ""true_false"": 8, ""short_answer"": 30}","[""考研英语"", ""考研备考"", ""高频考点"", ""常见错因"", ""真题变式""]","[""真题改编"", ""考点辨析"", ""步骤推导"", ""综合解答""]","[""考研英语全程系统班"", ""考研英语阅读写作班"", ""考研英语冲刺抢分班""]"
postgraduate_politics_bank,考研政治题库,exam_prep,考试与升学线,exam_prep,postgraduate_exam,postgraduate_politics,"[""master"", ""undergraduate""]","[""exam_preparation"", ""postgraduate_exam"", ""score_improvement""]","[""in_school_student"", ""job_seeker"", ""working_professional""]","[""online_live"", ""online_recorded""]","{""single_choice"": 24, ""multiple_choice"": 8, ""true_false"": 8, ""short_answer"": 30}","[""考研政治"", ""考研备考"", ""高频考点"", ""常见错因"", ""真题变式""]","[""真题改编"", ""考点辨析"", ""步骤推导"", ""综合解答""]","[""考研政治全程系统班"", ""考研政治选择题提分班"", ""考研政治冲刺背诵班""]"
postgraduate_specialized_bank,考研专业课题库,exam_prep,考试与升学线,exam_prep,postgraduate_exam,postgraduate_specialized,"[""master"", ""undergraduate""]","[""exam_preparation"", ""postgraduate_exam"", ""score_improvement""]","[""in_school_student"", ""job_seeker"", ""working_professional""]","[""online_live"", ""online_recorded""]","{""single_choice"": 24, ""multiple_choice"": 8, ""true_false"": 8, ""short_answer"": 30}","[""考研专业课"", ""考研备考"", ""高频考点"", ""常见错因"", ""真题变式""]","[""真题改编"", ""考点辨析"", ""步骤推导"", ""综合解答""]","[""考研专业课基础先修班"", ""考研专业课院校定向班"", ""考研专业课冲刺答题班""]"
postgraduate_retest_bank,复试与调剂题库,exam_prep,考试与升学线,exam_prep,postgraduate_exam,postgraduate_retest,"[""master"", ""undergraduate""]","[""exam_preparation"", ""postgraduate_exam"", ""score_improvement""]","[""in_school_student"", ""job_seeker"", ""working_professional""]","[""online_live"", ""online_recorded""]","{""single_choice"": 24, ""multiple_choice"": 8, ""true_false"": 8, ""short_answer"": 30}","[""复试与调剂"", ""考研备考"", ""高频考点"", ""常见错因"", ""真题变式""]","[""真题改编"", ""考点辨析"", ""步骤推导"", ""综合解答""]","[""考研复试准备班"", ""考研复试面试表达班"", ""调剂与复试冲刺班""]"
civil_service_exam_bank,公务员考试题库,exam_prep,考试与升学线,exam_prep,public_exam,civil_service_exam,"[""junior_college"", ""master"", ""undergraduate""]","[""exam_preparation"", ""job_hunting"", ""promotion""]","[""in_school_student"", ""job_seeker"", ""working_professional""]","[""online_live"", ""online_recorded""]","{""single_choice"": 24, ""multiple_choice"": 8, ""true_false"": 8, ""short_answer"": 30}","[""公务员考试"", ""公考考编"", ""高频考点"", ""常见错因"", ""真题变式""]","[""真题改编"", ""考点辨析"", ""步骤推导"", ""综合解答""]","[""公务员国省考系统班"", ""公务员行测申论强化班"", ""公务员面试冲刺班""]"
public_institution_exam_bank,事业单位考试题库,exam_prep,考试与升学线,exam_prep,public_exam,public_institution_exam,"[""junior_college"", ""master"", ""undergraduate""]","[""exam_preparation"", ""job_hunting"", ""promotion""]","[""in_school_student"", ""job_seeker"", ""working_professional""]","[""online_live"", ""online_recorded""]","{""single_choice"": 24, ""multiple_choice"": 8, ""true_false"": 8, ""short_answer"": 30}","[""事业单位考试"", ""公考考编"", ""高频考点"", ""常见错因"", ""真题变式""]","[""真题改编"", ""考点辨析"", ""步骤推导"", ""综合解答""]","[""事业单位统考系统班"", ""职测综应专项强化班"", ""事业单位面试冲刺班""]"
teacher_recruitment_exam_bank,教师招聘考试题库,exam_prep,考试与升学线,exam_prep,public_exam,teacher_recruitment_exam,"[""junior_college"", ""master"", ""undergraduate""]","[""exam_preparation"", ""job_hunting"", ""promotion""]","[""in_school_student"", ""job_seeker"", ""working_professional""]","[""online_live"", ""online_recorded""]","{""single_choice"": 24, ""multiple_choice"": 8, ""true_false"": 8, ""short_answer"": 30}","[""教师招聘考试"", ""公考考编"", ""高频考点"", ""常见错因"", ""真题变式""]","[""真题改编"", ""考点辨析"", ""步骤推导"", ""综合解答""]","[""教师招聘笔试系统班"", ""教师招聘学科强化班"", ""教师招聘面试试讲班""]"
police_auxiliary_exam_bank,警务辅警招录题库,exam_prep,考试与升学线,exam_prep,public_exam,police_auxiliary_exam,"[""junior_college"", ""master"", ""undergraduate""]","[""exam_preparation"", ""job_hunting"", ""promotion""]","[""in_school_student"", ""job_seeker"", ""working_professional""]","[""online_live"", ""online_recorded""]","{""single_choice"": 24, ""multiple_choice"": 8, ""true_false"": 8, ""short_answer"": 30}","[""警务辅警招录"", ""公考考编"", ""高频考点"", ""常见错因"", ""真题变式""]","[""真题改编"", ""考点辨析"", ""步骤推导"", ""综合解答""]","[""警务辅警招录笔试班"", ""警务辅警体测面试班"", ""警务辅警通关冲刺班""]"
interview_training_bank,面试与申论专项题库,exam_prep,考试与升学线,exam_prep,public_exam,interview_training,"[""junior_college"", ""master"", ""undergraduate""]","[""exam_preparation"", ""job_hunting"", ""promotion""]","[""in_school_student"", ""job_seeker"", ""working_professional""]","[""offline_face_to_face"", ""online_live""]","{""single_choice"": 24, ""multiple_choice"": 8, ""true_false"": 8, ""short_answer"": 30}","[""面试与申论专项"", ""公考考编"", ""高频考点"", ""常见错因"", ""真题变式""]","[""真题改编"", ""考点辨析"", ""步骤推导"", ""综合解答""]","[""结构化面试表达班"", ""无领导小组实战班"", ""申论与面试联训班""]"
teacher_certificate_bank,教师资格证题库,exam_prep,考试与升学线,exam_prep,certificate_exam,teacher_certificate,"[""junior_college"", ""master"", ""undergraduate""]","[""certificate_exam"", ""job_hunting"", ""skill_improvement""]","[""in_school_student"", ""job_seeker"", ""working_professional""]","[""online_live"", ""online_recorded""]","{""single_choice"": 24, ""multiple_choice"": 8, ""true_false"": 8, ""short_answer"": 30}","[""教师资格证"", ""职业证书"", ""高频考点"", ""常见错因"", ""真题变式""]","[""真题改编"", ""考点辨析"", ""步骤推导"", ""综合解答""]","[""教师资格证笔试通关班"", ""教师资格证面试试讲班"", ""教师资格证全程通关班""]"
accounting_certificate_bank,会计与财税证书题库,exam_prep,考试与升学线,exam_prep,certificate_exam,accounting_certificate,"[""junior_college"", ""master"", ""undergraduate""]","[""certificate_exam"", ""job_hunting"", ""skill_improvement""]","[""in_school_student"", ""job_seeker"", ""working_professional""]","[""online_live"", ""online_recorded""]","{""single_choice"": 24, ""multiple_choice"": 8, ""true_false"": 8, ""short_answer"": 30}","[""会计与财税证书"", ""职业证书"", ""高频考点"", ""常见错因"", ""真题变式""]","[""真题改编"", ""考点辨析"", ""步骤推导"", ""综合解答""]","[""会计初级取证班"", ""会计中级实务班"", ""财税证书冲刺班""]"
construction_certificate_bank,建工类证书题库,exam_prep,考试与升学线,exam_prep,certificate_exam,construction_certificate,"[""junior_college"", ""master"", ""undergraduate""]","[""certificate_exam"", ""job_hunting"", ""skill_improvement""]","[""in_school_student"", ""job_seeker"", ""working_professional""]","[""online_live"", ""online_recorded""]","{""single_choice"": 24, ""multiple_choice"": 8, ""true_false"": 8, ""short_answer"": 30}","[""建工类证书"", ""职业证书"", ""高频考点"", ""常见错因"", ""真题变式""]","[""真题改编"", ""考点辨析"", ""步骤推导"", ""综合解答""]","[""二建法规管理班"", ""一建实务强化班"", ""建工证书冲刺通关班""]"
legal_certificate_bank,法律与合规证书题库,exam_prep,考试与升学线,exam_prep,certificate_exam,legal_certificate,"[""junior_college"", ""master"", ""undergraduate""]","[""certificate_exam"", ""job_hunting"", ""skill_improvement""]","[""in_school_student"", ""job_seeker"", ""working_professional""]","[""online_live"", ""online_recorded""]","{""single_choice"": 24, ""multiple_choice"": 8, ""true_false"": 8, ""short_answer"": 30}","[""法律与合规证书"", ""职业证书"", ""高频考点"", ""常见错因"", ""真题变式""]","[""真题改编"", ""考点辨析"", ""步骤推导"", ""综合解答""]","[""法律资格基础班"", ""法律资格主观题班"", ""法律资格冲刺通关班""]"
it_certificate_bank,IT与数字化证书题库,exam_prep,考试与升学线,exam_prep,certificate_exam,it_certificate,"[""junior_college"", ""master"", ""undergraduate""]","[""certificate_exam"", ""job_hunting"", ""skill_improvement""]","[""in_school_student"", ""job_seeker"", ""working_professional""]","[""online_live"", ""online_recorded""]","{""single_choice"": 24, ""multiple_choice"": 8, ""true_false"": 8, ""short_answer"": 30}","[""IT与数字化证书"", ""职业证书"", ""高频考点"", ""常见错因"", ""真题变式""]","[""真题改编"", ""考点辨析"", ""步骤推导"", ""综合解答""]","[""软考中级系统班"", ""软考高项项目班"", ""IT证书冲刺班""]"
first_line_management_bank,基层管理题库,management,管理与组织能力线,management,team_management,first_line_management,[],"[""promotion"", ""skill_improvement""]","[""working_professional""]","[""offline_face_to_face"", ""online_live""]","{""single_choice"": 20, ""multiple_choice"": 10, ""true_false"": 10, ""short_answer"": 20}","[""基层管理"", ""团队与项目管理"", ""角色职责"", ""关键场景"", ""方法应用""]","[""概念辨析"", ""情境判断"", ""案例分析"", ""管理复盘""]","[""班组长带人训练营"", ""基层主管任务管理班"", ""基层管理晋升班""]"
project_management_bank,项目管理题库,management,管理与组织能力线,management,team_management,project_management,[],"[""promotion"", ""skill_improvement""]","[""working_professional""]","[""offline_face_to_face"", ""online_live""]","{""single_choice"": 20, ""multiple_choice"": 10, ""true_false"": 10, ""short_answer"": 20}","[""项目管理"", ""团队与项目管理"", ""角色职责"", ""关键场景"", ""方法应用""]","[""概念辨析"", ""情境判断"", ""案例分析"", ""管理复盘""]","[""项目管理入门班"", ""项目经理实战班"", ""项目交付与复盘班""]"
cross_team_collaboration_bank,跨部门协同题库,management,管理与组织能力线,management,team_management,cross_team_collaboration,[],"[""promotion"", ""skill_improvement""]","[""working_professional""]","[""offline_face_to_face"", ""online_live""]","{""single_choice"": 20, ""multiple_choice"": 10, ""true_false"": 10, ""short_answer"": 20}","[""跨部门协同"", ""团队与项目管理"", ""角色职责"", ""关键场景"", ""方法应用""]","[""概念辨析"", ""情境判断"", ""案例分析"", ""管理复盘""]","[""跨部门协同沟通班"", ""跨团队推进实战班"", ""协同管理进阶班""]"
leadership_growth_bank,领导力进阶题库,management,管理与组织能力线,management,leadership_development,leadership_growth,[],"[""promotion"", ""skill_improvement""]","[""working_professional""]","[""offline_face_to_face"", ""online_live""]","{""single_choice"": 20, ""multiple_choice"": 10, ""true_false"": 10, ""short_answer"": 20}","[""领导力进阶"", ""领导力与组织发展"", ""角色职责"", ""关键场景"", ""方法应用""]","[""概念辨析"", ""情境判断"", ""案例分析"", ""管理复盘""]","[""新晋经理领导力班"", ""中层管理者带队班"", ""业务负责人领导力进阶班""]"
talent_development_bank,人才培养题库,management,管理与组织能力线,management,leadership_development,talent_development,[],"[""promotion"", ""skill_improvement""]","[""working_professional""]","[""offline_face_to_face"", ""online_live""]","{""single_choice"": 20, ""multiple_choice"": 10, ""true_false"": 10, ""short_answer"": 20}","[""人才培养"", ""领导力与组织发展"", ""角色职责"", ""关键场景"", ""方法应用""]","[""概念辨析"", ""情境判断"", ""案例分析"", ""管理复盘""]","[""人才识别与培养班"", ""教练式辅导实战班"", ""梯队建设进阶班""]"
organizational_change_bank,组织变革题库,management,管理与组织能力线,management,leadership_development,organizational_change,[],"[""promotion"", ""skill_improvement""]","[""working_professional""]","[""offline_face_to_face"", ""online_live""]","{""single_choice"": 20, ""multiple_choice"": 10, ""true_false"": 10, ""short_answer"": 20}","[""组织变革"", ""领导力与组织发展"", ""角色职责"", ""关键场景"", ""方法应用""]","[""概念辨析"", ""情境判断"", ""案例分析"", ""管理复盘""]","[""组织变革认知班"", ""组织升级推动班"", ""变革领导进阶班""]"
new_employee_training_bank,新员工培训题库,enterprise_training,企业培训与合规线,enterprise_training,general_enterprise_training,new_employee_training,[],"[""promotion"", ""skill_improvement""]","[""working_professional""]","[""offline_face_to_face"", ""online_live""]","{""single_choice"": 18, ""multiple_choice"": 12, ""true_false"": 10, ""short_answer"": 20}","[""新员工培训"", ""通用企业培训"", ""制度要求"", ""风险场景"", ""标准动作""]","[""制度认知"", ""场景判断"", ""流程应用"", ""案例复盘""]","[""新员工融入训练营"", ""新员工上岗实战班"", ""管培生适应进阶班""]"
sales_training_bank,销售培训题库,enterprise_training,企业培训与合规线,enterprise_training,general_enterprise_training,sales_training,[],"[""promotion"", ""skill_improvement""]","[""working_professional""]","[""offline_face_to_face"", ""online_live""]","{""single_choice"": 18, ""multiple_choice"": 12, ""true_false"": 10, ""short_answer"": 20}","[""销售培训"", ""通用企业培训"", ""制度要求"", ""风险场景"", ""标准动作""]","[""制度认知"", ""场景判断"", ""流程应用"", ""案例复盘""]","[""销售新人开单班"", ""顾问式销售实战班"", ""大客户成交进阶班""]"
customer_service_training_bank,客服培训题库,enterprise_training,企业培训与合规线,enterprise_training,general_enterprise_training,customer_service_training,[],"[""promotion"", ""skill_improvement""]","[""working_professional""]","[""offline_face_to_face"", ""online_live""]","{""single_choice"": 18, ""multiple_choice"": 12, ""true_false"": 10, ""short_answer"": 20}","[""客服培训"", ""通用企业培训"", ""制度要求"", ""风险场景"", ""标准动作""]","[""制度认知"", ""场景判断"", ""流程应用"", ""案例复盘""]","[""客服上岗训练班"", ""投诉处理实战班"", ""服务质量提升班""]"
data_compliance_bank,数据合规题库,enterprise_training,企业培训与合规线,enterprise_training,compliance_and_safety,data_compliance,[],"[""promotion"", ""skill_improvement""]","[""freelancer"", ""working_professional""]","[""offline_face_to_face"", ""online_live""]","{""single_choice"": 18, ""multiple_choice"": 12, ""true_false"": 10, ""short_answer"": 20}","[""数据合规"", ""合规与安全培训"", ""制度要求"", ""风险场景"", ""标准动作""]","[""制度认知"", ""场景判断"", ""流程应用"", ""案例复盘""]","[""数据合规认知班"", ""隐私保护实务班"", ""数据治理进阶班""]"
workplace_safety_bank,安全生产题库,enterprise_training,企业培训与合规线,enterprise_training,compliance_and_safety,workplace_safety,[],"[""promotion"", ""skill_improvement""]","[""working_professional""]","[""offline_face_to_face"", ""online_recorded""]","{""single_choice"": 18, ""multiple_choice"": 12, ""true_false"": 10, ""short_answer"": 20}","[""安全生产"", ""合规与安全培训"", ""制度要求"", ""风险场景"", ""标准动作""]","[""制度认知"", ""场景判断"", ""流程应用"", ""案例复盘""]","[""安全生产上岗班"", ""现场风险防控班"", ""应急处置进阶班""]"
service_standard_bank,服务规范题库,enterprise_training,企业培训与合规线,enterprise_training,compliance_and_safety,service_standard,[],"[""promotion"", ""skill_improvement""]","[""working_professional""]","[""offline_face_to_face"", ""online_live""]","{""single_choice"": 18, ""multiple_choice"": 12, ""true_false"": 10, ""short_answer"": 20}","[""服务规范"", ""合规与安全培训"", ""制度要求"", ""风险场景"", ""标准动作""]","[""制度认知"", ""场景判断"", ""流程应用"", ""案例复盘""]","[""服务标准建设班"", ""服务流程优化班"", ""门店服务体验进阶班""]"
campus_employability_bank,就业竞争力题库,campus_growth,校园成长线,campus_growth,college_growth,campus_employability,"[""junior_college"", ""undergraduate""]","[""job_hunting"", ""skill_improvement""]","[""in_school_student"", ""job_seeker""]","[""offline_face_to_face"", ""online_live"", ""online_recorded""]","{""single_choice"": 24, ""multiple_choice"": 8, ""true_false"": 12, ""short_answer"": 20}","[""就业竞争力"", ""大学生成长"", ""同步巩固"", ""能力训练"", ""阶段提升""]","[""同步巩固"", ""专题训练"", ""情境应用"", ""综合提升""]","[""大学生就业启航班"", ""简历面试突破班"", ""校招拿Offer冲刺班""]"
internship_preparation_bank,实习与求职准备题库,campus_growth,校园成长线,campus_growth,college_growth,internship_preparation,"[""junior_college"", ""master"", ""undergraduate""]","[""job_hunting"", ""skill_improvement""]","[""in_school_student"", ""job_seeker""]","[""offline_face_to_face"", ""online_live"", ""online_recorded""]","{""single_choice"": 24, ""multiple_choice"": 8, ""true_false"": 12, ""short_answer"": 20}","[""实习与求职准备"", ""大学生成长"", ""同步巩固"", ""能力训练"", ""阶段提升""]","[""同步巩固"", ""专题训练"", ""情境应用"", ""综合提升""]","[""实习准备启航班"", ""实习申请实战班"", ""校招实习双线冲刺班""]"
academic_planning_bank,升学与学业规划题库,campus_growth,校园成长线,campus_growth,college_growth,academic_planning,"[""junior_college"", ""master"", ""undergraduate""]","[""job_hunting"", ""postgraduate_exam"", ""skill_improvement""]","[""in_school_student""]","[""offline_face_to_face"", ""online_live"", ""online_recorded""]","{""single_choice"": 24, ""multiple_choice"": 8, ""true_false"": 12, ""short_answer"": 20}","[""升学与学业规划"", ""大学生成长"", ""同步巩固"", ""能力训练"", ""阶段提升""]","[""同步巩固"", ""专题训练"", ""情境应用"", ""综合提升""]","[""学业规划启蒙班"", ""升学路径设计班"", ""保研考研规划班""]"
senior_transition_bank,高中关键学科衔接题库,campus_growth,校园成长线,campus_growth,middle_high_school_transition,senior_transition,"[""junior_middle"", ""senior_high""]","[""school_sync"", ""score_improvement""]","[""in_school_student""]","[""offline_face_to_face"", ""online_live"", ""online_recorded""]","{""single_choice"": 24, ""multiple_choice"": 8, ""true_false"": 12, ""short_answer"": 20}","[""高中关键学科衔接"", ""中学衔接提升"", ""同步巩固"", ""能力训练"", ""阶段提升""]","[""同步巩固"", ""专题训练"", ""情境应用"", ""综合提升""]","[""初升高衔接班"", ""高一适应提升班"", ""高中关键学科突破班""]"
middle_high_school_math_bank,中学数学提升题库,campus_growth,校园成长线,campus_growth,middle_high_school_transition,middle_high_school_math,"[""junior_middle"", ""senior_high""]","[""exam_preparation"", ""school_sync"", ""score_improvement""]","[""in_school_student""]","[""offline_face_to_face"", ""online_live"", ""online_recorded""]","{""single_choice"": 24, ""multiple_choice"": 8, ""true_false"": 12, ""short_answer"": 20}","[""中学数学提升"", ""中学衔接提升"", ""同步巩固"", ""能力训练"", ""阶段提升""]","[""同步巩固"", ""专题训练"", ""情境应用"", ""综合提升""]","[""中学数学同步班"", ""中高考数学提分班"", ""高中数学专题突破班""]"
middle_high_school_english_bank,中学英语提升题库,campus_growth,校园成长线,campus_growth,middle_high_school_transition,middle_high_school_english,"[""junior_middle"", ""senior_high""]","[""exam_preparation"", ""school_sync"", ""score_improvement""]","[""in_school_student""]","[""offline_face_to_face"", ""online_live"", ""online_recorded""]","{""single_choice"": 24, ""multiple_choice"": 8, ""true_false"": 12, ""short_answer"": 20}","[""中学英语提升"", ""中学衔接提升"", ""同步巩固"", ""能力训练"", ""阶段提升""]","[""同步巩固"", ""专题训练"", ""情境应用"", ""综合提升""]","[""中学英语同步班"", ""中高考英语提分班"", ""高中英语阅读写作班""]"
middle_high_school_physics_bank,中学物理提升题库,campus_growth,校园成长线,campus_growth,middle_high_school_transition,middle_high_school_physics,"[""junior_middle"", ""senior_high""]","[""exam_preparation"", ""school_sync"", ""score_improvement""]","[""in_school_student""]","[""offline_face_to_face"", ""online_live"", ""online_recorded""]","{""single_choice"": 24, ""multiple_choice"": 8, ""true_false"": 12, ""short_answer"": 20}","[""中学物理提升"", ""中学衔接提升"", ""同步巩固"", ""能力训练"", ""阶段提升""]","[""同步巩固"", ""专题训练"", ""情境应用"", ""综合提升""]","[""中学物理同步班"", ""中高考物理提分班"", ""高中物理模型突破班""]"
middle_high_school_chemistry_bank,中学化学提升题库,campus_growth,校园成长线,campus_growth,middle_high_school_transition,middle_high_school_chemistry,"[""junior_middle"", ""senior_high""]","[""exam_preparation"", ""school_sync"", ""score_improvement""]","[""in_school_student""]","[""offline_face_to_face"", ""online_live"", ""online_recorded""]","{""single_choice"": 24, ""multiple_choice"": 8, ""true_false"": 12, ""short_answer"": 20}","[""中学化学提升"", ""中学衔接提升"", ""同步巩固"", ""能力训练"", ""阶段提升""]","[""同步巩固"", ""专题训练"", ""情境应用"", ""综合提升""]","[""中学化学同步班"", ""中高考化学提分班"", ""高中化学原理突破班""]"
middle_high_school_informatics_bank,信息学与编程启蒙题库,campus_growth,校园成长线,campus_growth,middle_high_school_transition,middle_high_school_informatics,"[""junior_middle"", ""senior_high""]","[""exam_preparation"", ""interest_learning"", ""skill_improvement""]","[""in_school_student""]","[""offline_face_to_face"", ""online_live"", ""online_recorded""]","{""single_choice"": 24, ""multiple_choice"": 8, ""true_false"": 12, ""short_answer"": 20}","[""信息学与编程启蒙"", ""中学衔接提升"", ""同步巩固"", ""能力训练"", ""阶段提升""]","[""同步巩固"", ""专题训练"", ""情境应用"", ""综合提升""]","[""信息科技启蒙班"", ""编程素养提升班"", ""信息学竞赛入门班""]"
